group,text,annotator_1,annotator_2,term_a1,term_a2_bestmatch,distance,similarity
A,A,RGS,MCM,corpora,corpora,0.0,1.0
A,A,RGS,MCM,samples,samples,0.0,1.0
A,A,RGS,MCM,population,population,0.0,1.0
A,A,RGS,MCM,representativeness,representativeness,0.0,1.0
A,A,RGS,MCM,corpora,corpora,0.0,1.0
A,A,RGS,MCM,domain,domain,0.0,1.0
A,A,RGS,MCM,distributional representativeness,distributional representativeness,0.0,1.0
A,A,RGS,MCM,design,design,0.0,1.0
A,A,RGS,MCM,corpus,corpus,0.0,1.0
A,A,RGS,MCM,corpus,corpus,0.0,1.0
A,A,RGS,MCM,corpora,corpora,0.0,1.0
A,A,RGS,MCM,population,population,0.0,1.0
A,A,RGS,MCM,sampling,sampling,0.0,1.0
A,A,RGS,MCM,corpus,corpus,0.0,1.0
A,A,RGS,MCM,corpus,corpus,0.0,1.0
A,A,RGS,MCM,design,design,0.0,1.0
A,A,RGS,MCM,corpora,corpora,0.0,1.0
A,A,RGS,MCM,corpor,corpora,0.143,0.857
A,A,RGS,MCM,corpus,corpus,0.0,1.0
A,A,RGS,MCM,corpora,corpora,0.0,1.0
A,A,RGS,MCM,corpus,corpus,0.0,1.0
A,A,RGS,MCM,corpora,corpora,0.0,1.0
A,A,RGS,MCM,corpora,corpora,0.0,1.0
A,A,RGS,MCM,corpora,corpora,0.0,1.0
A,A,RGS,MCM,corpora,corpora,0.0,1.0
A,A,RGS,MCM,corpora,corpora,0.0,1.0
A,A,RGS,MCM,corpora,corpora,0.0,1.0
A,A,RGS,MCM,corpora,corpora,0.0,1.0
A,A,RGS,MCM,corpora,corpora,0.0,1.0
A,A,RGS,MCM,corpora,corpora,0.0,1.0
A,A,RGS,MCM,corpora,corpora,0.0,1.0
A,A,RGS,MCM,corpus,corpus,0.0,1.0
A,A,RGS,MCM,sampling method,sampling method,0.0,1.0
A,A,RGS,MCM,sample,sample,0.0,1.0
A,A,RGS,MCM,corpus,corpus,0.0,1.0
A,A,RGS,MCM,populatio,population,0.1,0.9
A,A,RGS,MCM,operational domain,operational domain,0.0,1.0
A,A,RGS,MCM,sampled,sampled,0.0,1.0
A,A,RGS,MCM,corpora,corpora,0.0,1.0
A,A,RGS,MCM,corpora,corpora,0.0,1.0
A,A,RGS,MCM,corpora,corpora,0.0,1.0
A,A,RGS,MCM,corpora,corpora,0.0,1.0
A,A,RGS,MCM,compile,compile,0.0,1.0
A,A,RGS,MCM,corpus,corpus,0.0,1.0
A,A,RGS,MCM,corpora,corpora,0.0,1.0
A,A,RGS,MCM,sampling,sampling,0.0,1.0
A,A,RGS,MCM,sampling methods,sampling method,0.062,0.938
A,A,RGS,MCM,corpus,corpus,0.0,1.0
A,A,RGS,MCM,population,population,0.0,1.0
A,A,RGS,MCM,sampling method,sampling method,0.0,1.0
A,A,RGS,MCM,sample size,sample size,0.0,1.0
A,A,RGS,MCM,time,time,0.0,1.0
A,A,RGS,MCM,corpus,corpus,0.0,1.0
A,A,RGS,MCM,corpus description,corpus description,0.0,1.0
A,A,RGS,MCM,corpora,corpora,0.0,1.0
A,A,RGS,MCM,samples,samples,0.0,1.0
A,A,RGS,MCM,corpora,corpora,0.0,1.0
A,A,RGS,MCM,population,population,0.0,1.0
A,A,RGS,MCM,corpus,corpus,0.0,1.0
A,A,RGS,MCM,population,population,0.0,1.0
A,A,RGS,MCM,corpus,corpus,0.0,1.0
A,A,RGS,MCM,sample,sample,0.0,1.0
A,A,RGS,MCM,domain,domain,0.0,1.0
A,A,RGS,MCM,population,population,0.0,1.0
A,A,RGS,MCM,sampling,sampling,0.0,1.0
A,A,RGS,MCM,sampling method,sampling method,0.0,1.0
A,A,RGS,MCM,sample,sample,0.0,1.0
A,A,RGS,MCM,sampled,sampled,0.0,1.0
A,A,RGS,MCM,sample,sample,0.0,1.0
A,A,RGS,MCM,sampling methods,sampling method,0.062,0.938
A,A,RGS,MCM,sampling method,sampling method,0.0,1.0
A,A,RGS,MCM,stratified,stratified,0.0,1.0
A,A,RGS,MCM,random,random,0.0,1.0
A,A,RGS,MCM,representativeness,representativeness,0.0,1.0
A,A,RGS,MCM,corpus,corpus,0.0,1.0
A,A,RGS,MCM,sampling method,sampling method,0.0,1.0
A,A,RGS,MCM,representative,representative,0.0,1.0
A,A,RGS,MCM,stratified samples,stratified samples,0.0,1.0
A,A,RGS,MCM,representative,representative,0.0,1.0
A,A,RGS,MCM,non-stratified samples,non-stratified samples,0.0,1.0
A,A,RGS,MCM,selection methods,random selection methods,0.292,0.708
A,A,RGS,MCM,selection bias,to selection bias,0.176,0.824
A,A,RGS,MCM,non-representative samples,non-representative samples,0.0,1.0
A,A,RGS,MCM,corpora,corpora,0.0,1.0
A,A,RGS,MCM,domains,domains,0.0,1.0
A,A,RGS,MCM,sampling method,sampling method,0.0,1.0
A,A,RGS,MCM,datasets,datasets,0.0,1.0
A,A,RGS,MCM,sampling methodology,sampling methodology,0.0,1.0
A,A,RGS,MCM,size,size,0.0,1.0
A,A,RGS,MCM,corpora,corpora,0.0,1.0
A,A,RGS,MCM,corpora,corpora,0.0,1.0
A,A,RGS,MCM,lexical items,lexical items.,0.071,0.929
A,A,RGS,MCM,corpora,corpora,0.0,1.0
A,A,RGS,MCM,size,size,0.0,1.0
A,A,RGS,MCM,corpus,corpus,0.0,1.0
A,A,RGS,MCM,size,size,0.0,1.0
A,A,RGS,MCM,tokens,tokens,0.0,1.0
A,A,RGS,MCM,texts,texts,0.0,1.0
A,A,RGS,MCM,corpora,corpora,0.0,1.0
A,A,RGS,MCM,texts,texts,0.0,1.0
A,A,RGS,MCM,token count,token count,0.0,1.0
A,A,RGS,MCM,texts,texts,0.0,1.0
A,A,RGS,MCM,tokens,tokens,0.0,1.0
A,A,RGS,MCM,texts,texts,0.0,1.0
A,A,RGS,MCM,dispersion measures,dispersion measures,0.0,1.0
A,A,RGS,MCM,frequency measures,frequency measures,0.0,1.0
A,A,RGS,MCM,dispersion,dispersion,0.0,1.0
A,A,RGS,MCM,dispersion metrics,dispersion metrics,0.0,1.0
A,A,RGS,MCM,texts,texts,0.0,1.0
A,A,RGS,MCM,corpus,corpus,0.0,1.0
A,A,RGS,MCM,corpora,corpora,0.0,1.0
A,A,RGS,MCM,texts,texts,0.0,1.0
A,A,RGS,MCM,texts,texts,0.0,1.0
A,A,RGS,MCM,corpus,corpus,0.0,1.0
A,A,RGS,MCM,corpus,corpus,0.0,1.0
A,A,RGS,MCM,corpora,corpora,0.0,1.0
A,A,RGS,MCM,texts,texts,0.0,1.0
A,A,RGS,MCM,corpora,corpora,0.0,1.0
A,A,RGS,MCM,texts,texts,0.0,1.0
A,A,RGS,MCM,texts,texts,0.0,1.0
A,A,RGS,MCM,corpus,corpus,0.0,1.0
A,A,RGS,MCM,size,size,0.0,1.0
A,A,RGS,MCM,register diversity,register diversity,0.0,1.0
A,A,RGS,MCM,time,time,0.0,1.0
A,A,RGS,MCM,unrepresentative,unrepresentative,0.0,1.0
A,A,RGS,MCM,representative,representative,0.0,1.0
A,A,RGS,MCM,corpus,corpus,0.0,1.0
A,A,RGS,MCM,corpora,corpora,0.0,1.0
A,A,RGS,MCM,corpora,corpora,0.0,1.0
A,A,RGS,MCM,corpora,corpora,0.0,1.0
A,A,RGS,MCM,date (range) of language production,time of language production,0.286,0.714
A,A,RGS,MCM,date of production,date of production,0.0,1.0
A,A,RGS,MCM,corpora,corpora,0.0,1.0
A,A,RGS,MCM,population definition,population definition,0.0,1.0
A,A,RGS,MCM,sampling methodology,sampling methodology,0.0,1.0
A,A,RGS,MCM,corpora,corpora,0.0,1.0
A,A,RGS,MCM,corpora,corpora,0.0,1.0
A,A,RGS,MCM,target population,target population,0.0,1.0
A,A,RGS,MCM,corpora,corpora,0.0,1.0
A,A,RGS,MCM,corpus,corpus,0.0,1.0
A,A,RGS,MCM,corpora,corpora,0.0,1.0
A,A,RGS,MCM,corpus,corpus,0.0,1.0
A,A,RGS,MCM,corpora,corpora,0.0,1.0
A,A,RGS,MCM,corpora,corpora,0.0,1.0
A,A,RGS,MCM,corpora,corpora,0.0,1.0
A,A,RGS,MCM,corpora,corpora,0.0,1.0
A,A,RGS,MCM,corpus,corpus,0.0,1.0
A,A,RGS,MCM,corpus,corpus,0.0,1.0
A,A,RGS,MCM,corpora,corpora,0.0,1.0
A,A,RGS,MCM,corpora,corpora,0.0,1.0
A,A,RGS,MCM,corpora,corpora,0.0,1.0
A,A,RGS,MCM,corpora,corpora,0.0,1.0
A,A,RGS,MCM,corpus,corpus,0.0,1.0
A,A,RGS,MCM,corpora,corpora,0.0,1.0
A,A,RGS,MCM,corpora,corpora,0.0,1.0
A,A,RGS,MCM,corpora,corpora,0.0,1.0
A,A,RGS,MCM,corpora,corpora,0.0,1.0
A,A,RGS,MCM,sample,sample,0.0,1.0
A,A,RGS,MCM,corpus,corpus,0.0,1.0
A,A,RGS,MCM,corpus,corpus,0.0,1.0
A,A,RGS,MCM,corpus,corpus,0.0,1.0
A,A,RGS,MCM,domain,domain,0.0,1.0
A,A,RGS,MCM,population,population,0.0,1.0
A,A,RGS,MCM,mode,mode,0.0,1.0
A,A,RGS,MCM,texts,texts,0.0,1.0
A,A,RGS,MCM,tokens,tokens,0.0,1.0
A,A,RGS,MCM,timeframe,timeframe,0.0,1.0
A,A,RGS,MCM,coding methods,coding methods,0.0,1.0
A,A,RGS,MCM,corpus,corpus,0.0,1.0
A,A,RGS,MCM,corpus,corpus,0.0,1.0
A,A,RGS,MCM,coding scheme,coding scheme,0.0,1.0
A,A,RGS,MCM,population,population,0.0,1.0
A,A,RGS,MCM,sampling,sampling,0.0,1.0
A,A,RGS,MCM,information,information,0.0,1.0
A,A,RGS,MCM,target population,target population,0.0,1.0
A,A,RGS,MCM,sampling method,sampling method,0.0,1.0
A,A,RGS,MCM,mode,mode,0.0,1.0
A,A,RGS,MCM,source,source,0.0,1.0
A,A,RGS,MCM,size,size,0.0,1.0
A,A,RGS,MCM,texts,texts,0.0,1.0
A,A,RGS,MCM,tokens,tokens,0.0,1.0
A,A,RGS,MCM,language,language,0.0,1.0
A,A,RGS,MCM,annotation methods,annotation methods,0.0,1.0
A,A,RGS,MCM,text length,text length,0.0,1.0
A,A,RGS,MCM,corpus,corpus,0.0,1.0
A,A,RGS,MCM,population definition,population definition,0.0,1.0
A,A,RGS,MCM,population,population,0.0,1.0
A,A,RGS,MCM,corpus,corpus,0.0,1.0
A,A,RGS,MCM,sampling method,sampling method,0.0,1.0
A,A,RGS,MCM,population,population,0.0,1.0
A,A,RGS,MCM,random,random,0.0,1.0
A,A,RGS,MCM,stratified,stratified,0.0,1.0
A,A,RGS,MCM,systematic,systematic,0.0,1.0
A,A,RGS,MCM,convenience,convenience,0.0,1.0
A,A,RGS,MCM,sampling,sampling,0.0,1.0
A,A,RGS,MCM,population,population,0.0,1.0
A,A,RGS,MCM,corpus,corpus,0.0,1.0
A,A,RGS,MCM,stratified,stratified,0.0,1.0
A,A,RGS,MCM,population,population,0.0,1.0
A,A,RGS,MCM,homogenous subgroups,homogenous subgroups,0.0,1.0
A,A,RGS,MCM,texts,texts,0.0,1.0
A,A,RGS,MCM,sampled,sampled,0.0,1.0
A,A,RGS,MCM,systematic,systematic,0.0,1.0
A,A,RGS,MCM,population,population,0.0,1.0
A,A,RGS,MCM,sampled,sampled,0.0,1.0
A,A,RGS,MCM,convenience’,convenience’,0.0,1.0
A,A,RGS,MCM,non-probability sample,non-probability sample,0.0,1.0
A,A,RGS,MCM,sample,sample,0.0,1.0
A,A,RGS,MCM,corpus,corpus,0.0,1.0
A,A,RGS,MCM,mode,mode,0.0,1.0
A,A,RGS,MCM,spoken,spoken,0.0,1.0
A,A,RGS,MCM,signing,designing,0.222,0.778
A,A,RGS,MCM,mode,mode,0.0,1.0
A,A,RGS,MCM,corpus,corpus,0.0,1.0
A,A,RGS,MCM,multimodal,multimodal,0.0,1.0
A,A,RGS,MCM,modes,modes,0.0,1.0
A,A,RGS,MCM,texts,texts,0.0,1.0
A,A,RGS,MCM,texts,texts,0.0,1.0
A,A,RGS,MCM,tokens,tokens,0.0,1.0
A,A,RGS,MCM,corpus,corpus,0.0,1.0
A,A,RGS,MCM,texts,texts,0.0,1.0
A,A,RGS,MCM,corpus,corpus,0.0,1.0
A,A,RGS,MCM,corpus,corpus,0.0,1.0
A,A,RGS,MCM,corpus,corpus,0.0,1.0
A,A,RGS,MCM,coding scheme,coding scheme,0.0,1.0
A,A,RGS,MCM,coders,coders,0.0,1.0
A,A,RGS,MCM,ding scheme,coding scheme,0.154,0.846
A,A,RGS,MCM,coding,coding,0.0,1.0
A,A,RGS,MCM,coder,coder,0.0,1.0
A,A,RGS,MCM,coded,coded,0.0,1.0
A,A,RGS,MCM,reliability,reliability,0.0,1.0
A,A,RGS,MCM,inter-rater agreement,inter-rater agreement,0.0,1.0
A,A,RGS,MCM,sampling method category,sampling methodology,0.292,0.708
A,A,RGS,MCM,coders,coders,0.0,1.0
A,A,RGS,MCM,corpus,corpus,0.0,1.0
A,A,RGS,MCM,corpora,corpora,0.0,1.0
A,A,RGS,MCM,corpora,corpora,0.0,1.0
A,A,RGS,MCM,coding,coding,0.0,1.0
A,A,RGS,MCM,counts,counts,0.0,1.0
A,A,RGS,MCM,corpora,corpora,0.0,1.0
A,A,RGS,MCM,coding categories,coding categories,0.0,1.0
A,A,RGS,MCM,population definition,population definition,0.0,1.0
A,A,RGS,MCM,language,language,0.0,1.0
A,A,RGS,MCM,mode,mode,0.0,1.0
A,A,RGS,MCM,counts,counts,0.0,1.0
A,A,RGS,MCM,count,counts,0.167,0.833
A,A,RGS,MCM,texts,texts,0.0,1.0
A,A,RGS,MCM,tokens,tokens,0.0,1.0
A,A,RGS,MCM,population definition,population definition,0.0,1.0
A,A,RGS,MCM,corpora,corpora,0.0,1.0
A,A,RGS,MCM,population,population,0.0,1.0
A,A,RGS,MCM,sampled,sampled,0.0,1.0
A,A,RGS,MCM,size,size,0.0,1.0
A,A,RGS,MCM,date,date,0.0,1.0
A,A,RGS,MCM,corpora,corpora,0.0,1.0
A,A,RGS,MCM,sample,sample,0.0,1.0
A,A,RGS,MCM,corpora,corpora,0.0,1.0
A,A,RGS,MCM,corpus,corpus,0.0,1.0
A,A,RGS,MCM,sampling methodology,sampling methodology,0.0,1.0
A,A,RGS,MCM,corpora,corpora,0.0,1.0
A,A,RGS,MCM,sampling method,sampling method,0.0,1.0
A,A,RGS,MCM,corpora,corpora,0.0,1.0
A,A,RGS,MCM,corpora,corpora,0.0,1.0
A,A,RGS,MCM,sample,sample,0.0,1.0
A,A,RGS,MCM,corpora,corpora,0.0,1.0
A,A,RGS,MCM,corpora,corpora,0.0,1.0
A,A,RGS,MCM,sample,sample,0.0,1.0
A,A,RGS,MCM,corpora,corpora,0.0,1.0
A,A,RGS,MCM,corpora,corpora,0.0,1.0
A,A,RGS,MCM,corpus,corpus,0.0,1.0
A,A,RGS,MCM,corpora,corpora,0.0,1.0
A,A,RGS,MCM,corpora,corpora,0.0,1.0
A,A,RGS,MCM,corpora,corpora,0.0,1.0
A,A,RGS,MCM,mode,mode,0.0,1.0
A,A,RGS,MCM,corpora,corpora,0.0,1.0
A,A,RGS,MCM,written texts,written texts,0.0,1.0
A,A,RGS,MCM,written texts,written texts,0.0,1.0
A,A,RGS,MCM,spoken texts,spoken texts,0.0,1.0
A,A,RGS,MCM,mode,mode,0.0,1.0
A,A,RGS,MCM,modes,modes,0.0,1.0
A,A,RGS,MCM,corpora,corpora,0.0,1.0
A,A,RGS,MCM,number of texts,number of texts,0.0,1.0
A,A,RGS,MCM,corpora,corpora,0.0,1.0
A,A,RGS,MCM,texts,texts,0.0,1.0
A,A,RGS,MCM,corpora,corpora,0.0,1.0
A,A,RGS,MCM,corpora,corpora,0.0,1.0
A,A,RGS,MCM,text,texts,0.2,0.8
A,A,RGS,MCM,corpora,corpora,0.0,1.0
A,A,RGS,MCM,texts,texts,0.0,1.0
A,A,RGS,MCM,number of,number of,0.0,1.0
A,A,RGS,MCM,texts,texts,0.0,1.0
A,A,RGS,MCM,number of texts,number of texts,0.0,1.0
A,A,RGS,MCM,sample,sample,0.0,1.0
A,A,RGS,MCM,texts,texts,0.0,1.0
A,A,RGS,MCM,number of texts,number of texts,0.0,1.0
A,A,RGS,MCM,corpora,corpora,0.0,1.0
A,A,RGS,MCM,number of tokens,number of tokens,0.0,1.0
A,A,RGS,MCM,corpora,corpora,0.0,1.0
A,A,RGS,MCM,number of tokens,number of tokens,0.0,1.0
A,A,RGS,MCM,corpora,corpora,0.0,1.0
A,A,RGS,MCM,tokens,tokens,0.0,1.0
A,A,RGS,MCM,tokens,tokens,0.0,1.0
A,A,RGS,MCM,number of tokens,number of tokens,0.0,1.0
A,A,RGS,MCM,corpora,corpora,0.0,1.0
A,A,RGS,MCM,tokens,tokens,0.0,1.0
A,A,RGS,MCM,corpus,corpus,0.0,1.0
A,A,RGS,MCM,texts,texts,0.0,1.0
A,A,RGS,MCM,corpora,corpora,0.0,1.0
A,A,RGS,MCM,sample,sample,0.0,1.0
A,A,RGS,MCM,texts,texts,0.0,1.0
A,A,RGS,MCM,number of tokens,number of tokens,0.0,1.0
A,A,RGS,MCM,corpora,corpora,0.0,1.0
A,A,RGS,MCM,timeframe,timeframe,0.0,1.0
A,A,RGS,MCM,corpora,corpora,0.0,1.0
A,A,RGS,MCM,timeframe,timeframe,0.0,1.0
A,A,RGS,MCM,texts,texts,0.0,1.0
A,A,RGS,MCM,corpora,corpora,0.0,1.0
A,A,RGS,MCM,sample,sample,0.0,1.0
A,A,RGS,MCM,corpora,corpora,0.0,1.0
A,A,RGS,MCM,corpora,corpora,0.0,1.0
A,A,RGS,MCM,target population,target population,0.0,1.0
A,A,RGS,MCM,population,population,0.0,1.0
A,A,RGS,MCM,corpora,corpora,0.0,1.0
A,A,RGS,MCM,population,population,0.0,1.0
A,A,RGS,MCM,population,population,0.0,1.0
A,A,RGS,MCM,corpora,corpora,0.0,1.0
A,A,RGS,MCM,population,population,0.0,1.0
A,A,RGS,MCM,corpus,corpus,0.0,1.0
A,A,RGS,MCM,population definitions,population definition,0.045,0.955
A,A,RGS,MCM,target populations,target populations,0.0,1.0
A,A,RGS,MCM,corpora,corpora,0.0,1.0
A,A,RGS,MCM,population definitions,population definition,0.045,0.955
A,A,RGS,MCM,corpus,corpus,0.0,1.0
A,A,RGS,MCM,texts,texts,0.0,1.0
A,A,RGS,MCM,corpus description,corpus description,0.0,1.0
A,A,RGS,MCM,target population,target population,0.0,1.0
A,A,RGS,MCM,corpus selection,corpus selection,0.0,1.0
A,A,RGS,MCM,corpus descriptions,corpus description,0.053,0.947
A,A,RGS,MCM,corpus,corpus,0.0,1.0
A,A,RGS,MCM,target population,target population,0.0,1.0
A,A,RGS,MCM,inclusion criteria,inclusion criteria,0.0,1.0
A,A,RGS,MCM,corpus,corpus,0.0,1.0
A,A,RGS,MCM,population description,population definition,0.182,0.818
A,A,RGS,MCM,sampling methods,sampling method,0.062,0.938
A,A,RGS,MCM,population definition,population definition,0.0,1.0
A,A,RGS,MCM,sample,sample,0.0,1.0
A,A,RGS,MCM,population definition,population definition,0.0,1.0
A,A,RGS,MCM,corpus,corpus,0.0,1.0
A,A,RGS,MCM,corpus,corpus,0.0,1.0
A,A,RGS,MCM,population,population,0.0,1.0
A,A,RGS,MCM,corpus,corpus,0.0,1.0
A,A,RGS,MCM,target population,target population,0.0,1.0
A,A,RGS,MCM,corpus,corpus,0.0,1.0
A,A,RGS,MCM,population definitions,population definition,0.045,0.955
A,A,RGS,MCM,corpora,corpora,0.0,1.0
A,A,RGS,MCM,target population,target population,0.0,1.0
A,A,RGS,MCM,representativeness,representativeness,0.0,1.0
A,A,RGS,MCM,generalizability,generalizable,0.25,0.75
A,A,RGS,MCM,sampling method,sampling method,0.0,1.0
A,A,RGS,MCM,sampling,sampling,0.0,1.0
A,A,RGS,MCM,corpus,corpus,0.0,1.0
A,A,RGS,MCM,corpus,corpus,0.0,1.0
A,A,RGS,MCM,corpora,corpora,0.0,1.0
A,A,RGS,MCM,number of tokens,number of tokens,0.0,1.0
A,A,RGS,MCM,number of texts,number of texts,0.0,1.0
A,A,RGS,MCM,date of production,date of production,0.0,1.0
A,A,RGS,MCM,corpus description,corpus description,0.0,1.0
A,A,RGS,MCM,number of texts,number of texts,0.0,1.0
A,A,RGS,MCM,number of word tokens,number of tokens,0.238,0.762
A,A,RGS,MCM,corpus,corpus,0.0,1.0
A,A,RGS,MCM,word count,word count,0.0,1.0
A,A,RGS,MCM,population definition,population definition,0.0,1.0
A,A,RGS,MCM,population definitions,population definition,0.045,0.955
A,A,RGS,MCM,population,population,0.0,1.0
A,A,RGS,MCM,sampled,sampled,0.0,1.0
A,A,RGS,MCM,population,population,0.0,1.0
A,A,RGS,MCM,generalizable,generalizable,0.0,1.0
A,A,RGS,MCM,sampling methodology,sampling methodology,0.0,1.0
A,A,RGS,MCM,stratification,stratification,0.0,1.0
A,A,RGS,MCM,corpora,corpora,0.0,1.0
A,A,RGS,MCM,corpora,corpora,0.0,1.0
A,A,RGS,MCM,corpora,corpora,0.0,1.0
A,A,RGS,MCM,domains,domains,0.0,1.0
A,A,RGS,MCM,domains,domains,0.0,1.0
A,A,RGS,MCM,corpus,corpus,0.0,1.0
A,A,RGS,MCM,dataset,dataset,0.0,1.0
A,A,RGS,MCM,corpus,corpus,0.0,1.0
A,A,RGS,MCM,corpora,corpora,0.0,1.0
A,A,RGS,MCM,corpora,corpora,0.0,1.0
A,A,RGS,MCM,corpora,corpora,0.0,1.0
A,A,RGS,MCM,corpora,corpora,0.0,1.0
A,A,RGS,MCM,corpora,corpora,0.0,1.0
A,A,RGS,MCM,corpus,corpus,0.0,1.0
A,A,RGS,MCM,corpus,corpus,0.0,1.0
A,A,RGS,MCM,corpus,corpus,0.0,1.0
A,A,RGS,MCM,corpus,corpus,0.0,1.0
A,A,RGS,MCM,population of interest,domain of interest,0.273,0.727
A,A,RGS,MCM,corpora,corpora,0.0,1.0
A,A,RGS,MCM,corpora,corpora,0.0,1.0
A,A,RGS,MCM,sampling methodology,sampling methodology,0.0,1.0
A,A,RGS,MCM,corpora,corpora,0.0,1.0
A,A,RGS,MCM,corpora,corpora,0.0,1.0
A,A,RGS,MCM,random,random,0.0,1.0
A,A,RGS,MCM,systematic,systematic,0.0,1.0
A,A,RGS,MCM,samples,samples,0.0,1.0
A,A,RGS,MCM,sampling method,sampling method,0.0,1.0
A,A,RGS,MCM,stratified samples,stratified samples,0.0,1.0
A,A,RGS,MCM,sampling,sampling,0.0,1.0
A,A,RGS,MCM,representative samples,non-representative samples,0.154,0.846
A,A,RGS,MCM,corpora,corpora,0.0,1.0
A,A,RGS,MCM,samples,samples,0.0,1.0
A,A,RGS,MCM,corpora,corpora,0.0,1.0
A,A,RGS,MCM,corpora,corpora,0.0,1.0
A,A,RGS,MCM,corpora,corpora,0.0,1.0
A,A,RGS,MCM,corpora,corpora,0.0,1.0
A,A,RGS,MCM,samples,samples,0.0,1.0
A,A,RGS,MCM,corpora,corpora,0.0,1.0
A,A,RGS,MCM,sampling errors,sampling error,0.067,0.933
A,A,RGS,MCM,corpus,corpus,0.0,1.0
A,A,RGS,MCM,corpora,corpora,0.0,1.0
A,A,RGS,MCM,corpus,corpus,0.0,1.0
A,A,RGS,MCM,corpora,corpora,0.0,1.0
A,A,RGS,MCM,sampling error,sampling error,0.0,1.0
A,A,RGS,MCM,sample,sample,0.0,1.0
A,A,RGS,MCM,corpora,corpora,0.0,1.0
A,A,RGS,MCM,documentation,documentation,0.0,1.0
A,A,RGS,MCM,corpus,corpus,0.0,1.0
A,A,RGS,MCM,corpora,corpora,0.0,1.0
A,A,RGS,MCM,tokens,tokens,0.0,1.0
A,A,RGS,MCM,corpora,corpora,0.0,1.0
A,A,RGS,MCM,tokens,tokens,0.0,1.0
A,A,RGS,MCM,corpus,corpus,0.0,1.0
A,A,RGS,MCM,tokens,tokens,0.0,1.0
A,A,RGS,MCM,datasets,datasets,0.0,1.0
A,A,RGS,MCM,quantitative analysis,quantitative analysis,0.0,1.0
A,A,RGS,MCM,corpora,corpora,0.0,1.0
A,A,RGS,MCM,corpora,corpora,0.0,1.0
A,A,RGS,MCM,texts,texts,0.0,1.0
A,A,RGS,MCM,corpora,corpora,0.0,1.0
A,A,RGS,MCM,corpora,corpora,0.0,1.0
A,A,RGS,MCM,coded features,coded features,0.0,1.0
A,A,RGS,MCM,texts,texts,0.0,1.0
A,A,RGS,MCM,population definitions,population definition,0.045,0.955
A,A,RGS,MCM,sampling methodology,sampling methodology,0.0,1.0
A,A,RGS,MCM,corpora,corpora,0.0,1.0
A,A,RGS,MCM,corpora,corpora,0.0,1.0
A,A,RGS,MCM,corpora,corpora,0.0,1.0
A,A,RGS,MCM,corpora,corpora,0.0,1.0
A,A,RGS,MCM,corpora,corpora,0.0,1.0
A,A,RGS,MCM,corpora,corpora,0.0,1.0
A,A,RGS,MCM,corpora,corpora,0.0,1.0
A,A,RGS,MCM,corpus,corpus,0.0,1.0
A,A,RGS,MCM,corpora,corpora,0.0,1.0
A,A,RGS,MCM,population,population,0.0,1.0
A,A,RGS,MCM,representativeness,representativeness,0.0,1.0
A,A,RGS,MCM,sampling method,sampling method,0.0,1.0
A,A,RGS,MCM,corpus,corpus,0.0,1.0
A,A,RGS,MCM,domain of interest,domain of interest,0.0,1.0
A,A,RGS,MCM,text types,text types,0.0,1.0
A,A,RGS,MCM,corpus,corpus,0.0,1.0
A,A,RGS,MCM,linguistics distributions,linguistics distributions,0.0,1.0
A,A,RGS,MCM,representativeness,representativeness,0.0,1.0
A,A,RGS,MCM,corpora,corpora,0.0,1.0
A,A,RGS,MCM,population,population,0.0,1.0
A,A,RGS,MCM,corpus,corpus,0.0,1.0
A,A,RGS,MCM,corpus,corpus,0.0,1.0
A,A,RGS,MCM,target,target,0.0,1.0
A,A,RGS,MCM,population,population,0.0,1.0
A,A,RGS,MCM,population,population,0.0,1.0
A,A,RGS,MCM,token count,token count,0.0,1.0
A,A,RGS,MCM,corpus,corpus,0.0,1.0
A,A,RGS,MCM,text count,text count,0.0,1.0
A,A,RGS,MCM,texts,texts,0.0,1.0
A,A,RGS,MCM,corpus,corpus,0.0,1.0
A,A,RGS,MCM,years,year,0.2,0.8
A,A,RGS,MCM,texts,texts,0.0,1.0
A,A,RGS,MCM,corpus,corpus,0.0,1.0
A,A,RGS,MCM,sampling,sampling,0.0,1.0
A,A,RGS,MCM,method,method,0.0,1.0
A,A,RGS,MCM,compile,compile,0.0,1.0
A,A,RGS,MCM,sample,sample,0.0,1.0
A,A,RGS,MCM,random,random,0.0,1.0
A,A,RGS,MCM,systematic,systematic,0.0,1.0
A,A,RGS,MCM,sample,sample,0.0,1.0
A,A,RGS,MCM,mode,mode,0.0,1.0
A,A,RGS,MCM,signed,designed,0.25,0.75
A,A,RGS,MCM,multimodal,multimodal,0.0,1.0
A,A,RGS,MCM,language,language,0.0,1.0
A,A,RGS,MCM,variety,variety,0.0,1.0
A,A,RGS,MCM,dialect,dialect,0.0,1.0
A,A,RGS,MCM,register,register,0.0,1.0
A,A,RGS,MCM,genre,genre,0.0,1.0
A,A,RGS,MCM,corpus,corpus,0.0,1.0
A,A,RGS,MCM,coding,coding,0.0,1.0
A,A,RGS,MCM,coding,coding,0.0,1.0
A,A,RGS,MCM,coding,coding,0.0,1.0
A,A,RGS,MCM,biased,biased,0.0,1.0
A,A,RGS,MCM,inclusion criteria,inclusion criteria,0.0,1.0
A,A,RGS,MCM,corpus,corpus,0.0,1.0
A,A,RGS,MCM,biases,biases,0.0,1.0
A,A,RGS,MCM,corpus description,corpus description,0.0,1.0
A,A,RGS,MCM,corpus,corpus,0.0,1.0
A,A,RGS,MCM,texts,texts,0.0,1.0
A,A,RGS,MCM,number of texts,number of texts,0.0,1.0
A,A,RGS,MCM,corpora,corpora,0.0,1.0
A,A,RGS,MCM,number of words,number of words,0.0,1.0
A,A,RGS,MCM,texts,texts,0.0,1.0
A,A,RGS,MCM,annotation methods,annotation methods,0.0,1.0
A,A,RGS,MCM,annotation accuracy,annotation accuracy,0.0,1.0
A,A,RGS,MCM,corpus,corpus,0.0,1.0
A,A,RGS,MCM,domain,domain,0.0,1.0
A,A,RGS,MCM,corpus,corpus,0.0,1.0
A,A,RGS,MCM,types,types,0.0,1.0
A,A,RGS,MCM,tokens,tokens,0.0,1.0
A,A,RGS,MCM,corpus,corpus,0.0,1.0
A,A,RGS,FBO,corpus representativeness and design,corpus representativeness and design,0.0,1.0
A,A,RGS,FBO,corpus sampling,corpus sampling,0.0,1.0
A,A,RGS,FBO,corpora,corpora,0.0,1.0
A,A,RGS,FBO,samples,samples,0.0,1.0
A,A,RGS,FBO,population,population,0.0,1.0
A,A,RGS,FBO,representativeness,representativeness,0.0,1.0
A,A,RGS,FBO,corpus research,corpus research,0.0,1.0
A,A,RGS,FBO,corpus linguistics,corpus linguistics,0.0,1.0
A,A,RGS,FBO,corpus design,corpus design,0.0,1.0
A,A,RGS,FBO,corpora,corpora,0.0,1.0
A,A,RGS,FBO,domain,domain,0.0,1.0
A,A,RGS,FBO,distributional representativeness,distributional representativeness,0.0,1.0
A,A,RGS,FBO,british national corpus,british national corpus,0.0,1.0
A,A,RGS,FBO,bnc,bnc,0.0,1.0
A,A,RGS,FBO,corpus of contemporary american english,corpus of contemporary american english,0.0,1.0
A,A,RGS,FBO,coca,coca,0.0,1.0
A,A,RGS,FBO,brown corpus,brown corpus,0.0,1.0
A,A,RGS,FBO,longman spoken and written english corpus,longman spoken and written english corpus,0.0,1.0
A,A,RGS,FBO,lswe,lswe,0.0,1.0
A,A,RGS,FBO,michigan corpus of academic spoken english,michigan corpus of academic spoken english,0.0,1.0
A,A,RGS,FBO,micase,micase,0.0,1.0
A,A,RGS,FBO,corpus design,corpus design,0.0,1.0
A,A,RGS,FBO,corpus,corpus,0.0,1.0
A,A,RGS,FBO,corpus,corpus,0.0,1.0
A,A,RGS,FBO,corpora,corpora,0.0,1.0
A,A,RGS,FBO,population,population,0.0,1.0
A,A,RGS,FBO,sampling,sampling,0.0,1.0
A,A,RGS,FBO,corpus,corpus,0.0,1.0
A,A,RGS,FBO,corpus,corpus,0.0,1.0
A,A,RGS,FBO,corpus linguistics,corpus linguistics,0.0,1.0
A,A,RGS,FBO,corpus linguists,corpus linguists,0.0,1.0
A,A,RGS,FBO,corpus linguistics,corpus linguistics,0.0,1.0
A,A,RGS,FBO,corpora,corpora,0.0,1.0
A,A,RGS,FBO,corpus linguistics,corpus linguistics,0.0,1.0
A,A,RGS,FBO,corpus linguistics,corpus linguistics,0.0,1.0
A,A,RGS,FBO,corpor,corpora,0.143,0.857
A,A,RGS,FBO,corpus design,corpus design,0.0,1.0
A,A,RGS,FBO,corpus linguistics,corpus linguistics,0.0,1.0
A,A,RGS,FBO,corpus,corpus,0.0,1.0
A,A,RGS,FBO,corpus research,corpus research,0.0,1.0
A,A,RGS,FBO,corpus design,corpus design,0.0,1.0
A,A,RGS,FBO,learner corpus,learner corpora,0.2,0.8
A,A,RGS,FBO,corpora,corpora,0.0,1.0
A,A,RGS,FBO,corpus,corpus,0.0,1.0
A,A,RGS,FBO,mda,mda,0.0,1.0
A,A,RGS,FBO,corpora,corpora,0.0,1.0
A,A,RGS,FBO,corpora,corpora,0.0,1.0
A,A,RGS,FBO,corpora,corpora,0.0,1.0
A,A,RGS,FBO,corpora,corpora,0.0,1.0
A,A,RGS,FBO,corpora,corpora,0.0,1.0
A,A,RGS,FBO,learner corpora,learner corpora,0.0,1.0
A,A,RGS,FBO,corpus linguistics,corpus linguistics,0.0,1.0
A,A,RGS,FBO,mda,mda,0.0,1.0
A,A,RGS,FBO,corpus-based methodology,corpus-based methodology,0.0,1.0
A,A,RGS,FBO,corpus linguistics,corpus linguistics,0.0,1.0
A,A,RGS,FBO,corpora,corpora,0.0,1.0
A,A,RGS,FBO,corpora,corpora,0.0,1.0
A,A,RGS,FBO,corpora,corpora,0.0,1.0
A,A,RGS,FBO,corpora,corpora,0.0,1.0
A,A,RGS,FBO,corpus design,corpus design,0.0,1.0
A,A,RGS,FBO,general-purpose corpora,general-purpose corpora,0.0,1.0
A,A,RGS,FBO,corpora,corpora,0.0,1.0
A,A,RGS,FBO,corpus,corpus,0.0,1.0
A,A,RGS,FBO,sampling method,sampling method,0.0,1.0
A,A,RGS,FBO,sample,sample,0.0,1.0
A,A,RGS,FBO,corpus,corpus,0.0,1.0
A,A,RGS,FBO,populatio,population,0.1,0.9
A,A,RGS,FBO,operational domain,operational domain,0.0,1.0
A,A,RGS,FBO,sampled,sampled,0.0,1.0
A,A,RGS,FBO,corpora,corpora,0.0,1.0
A,A,RGS,FBO,target domain,target domain,0.0,1.0
A,A,RGS,FBO,specialized corpora,specialized corpora,0.0,1.0
A,A,RGS,FBO,general corpora,general corpora,0.0,1.0
A,A,RGS,FBO,corpora,corpora,0.0,1.0
A,A,RGS,FBO,specialized corpora,specialized corpora,0.0,1.0
A,A,RGS,FBO,corpora,corpora,0.0,1.0
A,A,RGS,FBO,corpora,corpora,0.0,1.0
A,A,RGS,FBO,compile,compile,0.0,1.0
A,A,RGS,FBO,corpus,corpus,0.0,1.0
A,A,RGS,FBO,international corpus of english,international corpus of english,0.0,1.0
A,A,RGS,FBO,ice,ice,0.0,1.0
A,A,RGS,FBO,international corpus of learner english,international corpus of learner english,0.0,1.0
A,A,RGS,FBO,icle,icle,0.0,1.0
A,A,RGS,FBO,corpus of early english correspondence,corpus of early english correspondence,0.0,1.0
A,A,RGS,FBO,ceec,ceec,0.0,1.0
A,A,RGS,FBO,corpora,corpora,0.0,1.0
A,A,RGS,FBO,sampling,sampling,0.0,1.0
A,A,RGS,FBO,sampling methods,sampling methods,0.0,1.0
A,A,RGS,FBO,corpus design,corpus design,0.0,1.0
A,A,RGS,FBO,corpus,corpus,0.0,1.0
A,A,RGS,FBO,corpus design,corpus design,0.0,1.0
A,A,RGS,FBO,corpus design,corpus design,0.0,1.0
A,A,RGS,FBO,corpus research,corpus research,0.0,1.0
A,A,RGS,FBO,population,population,0.0,1.0
A,A,RGS,FBO,sampling method,sampling method,0.0,1.0
A,A,RGS,FBO,sample size,sample size,0.0,1.0
A,A,RGS,FBO,time,time,0.0,1.0
A,A,RGS,FBO,corpus,corpus,0.0,1.0
A,A,RGS,FBO,corpus description,corpus description,0.0,1.0
A,A,RGS,FBO,corpora,corpora,0.0,1.0
A,A,RGS,FBO,samples,samples,0.0,1.0
A,A,RGS,FBO,sampling procedures,sampling procedures,0.0,1.0
A,A,RGS,FBO,corpora,corpora,0.0,1.0
A,A,RGS,FBO,population,population,0.0,1.0
A,A,RGS,FBO,corpus,corpus,0.0,1.0
A,A,RGS,FBO,population,population,0.0,1.0
A,A,RGS,FBO,corpus,corpus,0.0,1.0
A,A,RGS,FBO,sample,sample,0.0,1.0
A,A,RGS,FBO,domain,domain,0.0,1.0
A,A,RGS,FBO,population,population,0.0,1.0
A,A,RGS,FBO,sampling,sampling,0.0,1.0
A,A,RGS,FBO,corpus design,corpus design,0.0,1.0
A,A,RGS,FBO,sampling method,sampling method,0.0,1.0
A,A,RGS,FBO,sample,sample,0.0,1.0
A,A,RGS,FBO,sampled,sampled,0.0,1.0
A,A,RGS,FBO,sample,sample,0.0,1.0
A,A,RGS,FBO,sampling methods,sampling methods,0.0,1.0
A,A,RGS,FBO,sampling method,sampling method,0.0,1.0
A,A,RGS,FBO,stratified,stratified,0.0,1.0
A,A,RGS,FBO,random,random,0.0,1.0
A,A,RGS,FBO,proportional sampling,proportional sampling,0.0,1.0
A,A,RGS,FBO,representativeness,representativeness,0.0,1.0
A,A,RGS,FBO,corpus,corpus,0.0,1.0
A,A,RGS,FBO,sampling method,sampling method,0.0,1.0
A,A,RGS,FBO,representative,representative,0.0,1.0
A,A,RGS,FBO,stratified samples,stratified samples,0.0,1.0
A,A,RGS,FBO,representative,representative,0.0,1.0
A,A,RGS,FBO,non-stratified samples,non-stratified samples,0.0,1.0
A,A,RGS,FBO,selection methods,selection methods,0.0,1.0
A,A,RGS,FBO,convenience sampling,convenience sampling,0.0,1.0
A,A,RGS,FBO,selection bias,selection bias,0.0,1.0
A,A,RGS,FBO,non-representative samples,non-representative samples,0.0,1.0
A,A,RGS,FBO,corpora,corpora,0.0,1.0
A,A,RGS,FBO,domains,domains,0.0,1.0
A,A,RGS,FBO,bnc,bnc,0.0,1.0
A,A,RGS,FBO,coca,coca,0.0,1.0
A,A,RGS,FBO,sampling method,sampling method,0.0,1.0
A,A,RGS,FBO,datasets,datasets,0.0,1.0
A,A,RGS,FBO,sampling methodology,sampling methodology,0.0,1.0
A,A,RGS,FBO,corpus design,corpus design,0.0,1.0
A,A,RGS,FBO,size,size,0.0,1.0
A,A,RGS,FBO,corpus design,corpus design,0.0,1.0
A,A,RGS,FBO,corpora,corpora,0.0,1.0
A,A,RGS,FBO,corpora,corpora,0.0,1.0
A,A,RGS,FBO,lexical items,lexical items,0.0,1.0
A,A,RGS,FBO,corpora,corpora,0.0,1.0
A,A,RGS,FBO,size,size,0.0,1.0
A,A,RGS,FBO,corpus,corpus,0.0,1.0
A,A,RGS,FBO,size,size,0.0,1.0
A,A,RGS,FBO,tokens,tokens,0.0,1.0
A,A,RGS,FBO,corpus size,corpus size,0.0,1.0
A,A,RGS,FBO,texts,texts,0.0,1.0
A,A,RGS,FBO,corpora,corpora,0.0,1.0
A,A,RGS,FBO,texts,texts,0.0,1.0
A,A,RGS,FBO,token count,token count,0.0,1.0
A,A,RGS,FBO,texts,texts,0.0,1.0
A,A,RGS,FBO,tokens,tokens,0.0,1.0
A,A,RGS,FBO,texts,texts,0.0,1.0
A,A,RGS,FBO,dispersion measures,dispersion measures,0.0,1.0
A,A,RGS,FBO,frequency measures,frequency measures,0.0,1.0
A,A,RGS,FBO,dispersion,dispersion,0.0,1.0
A,A,RGS,FBO,dispersion metrics,dispersion metrics,0.0,1.0
A,A,RGS,FBO,texts,texts,0.0,1.0
A,A,RGS,FBO,corpus,corpus,0.0,1.0
A,A,RGS,FBO,corpora,corpora,0.0,1.0
A,A,RGS,FBO,texts,texts,0.0,1.0
A,A,RGS,FBO,texts,texts,0.0,1.0
A,A,RGS,FBO,corpus,corpus,0.0,1.0
A,A,RGS,FBO,corpus,corpus,0.0,1.0
A,A,RGS,FBO,corpora,corpora,0.0,1.0
A,A,RGS,FBO,linguistic phenomena,linguistic phenomena,0.0,1.0
A,A,RGS,FBO,mda,mda,0.0,1.0
A,A,RGS,FBO,texts,texts,0.0,1.0
A,A,RGS,FBO,words,words,0.0,1.0
A,A,RGS,FBO,corpora,corpora,0.0,1.0
A,A,RGS,FBO,words,words,0.0,1.0
A,A,RGS,FBO,texts,texts,0.0,1.0
A,A,RGS,FBO,corpus linguists,corpus linguists,0.0,1.0
A,A,RGS,FBO,historical corpora,historical corpora,0.0,1.0
A,A,RGS,FBO,corpus linguists,corpus linguists,0.0,1.0
A,A,RGS,FBO,texts,texts,0.0,1.0
A,A,RGS,FBO,corpus,corpus,0.0,1.0
A,A,RGS,FBO,size,size,0.0,1.0
A,A,RGS,FBO,register diversity,register diversity,0.0,1.0
A,A,RGS,FBO,time,time,0.0,1.0
A,A,RGS,FBO,diachronic corpora,diachronic corpora,0.0,1.0
A,A,RGS,FBO,historical corpora,historical corpora,0.0,1.0
A,A,RGS,FBO,contemporary corpus,contemporary corpus,0.0,1.0
A,A,RGS,FBO,unrepresentative,unrepresentative,0.0,1.0
A,A,RGS,FBO,representative,representative,0.0,1.0
A,A,RGS,FBO,corpus,corpus,0.0,1.0
A,A,RGS,FBO,corpora,corpora,0.0,1.0
A,A,RGS,FBO,corpora,corpora,0.0,1.0
A,A,RGS,FBO,bnc,bnc,0.0,1.0
A,A,RGS,FBO,coca,coca,0.0,1.0
A,A,RGS,FBO,news on the web corpus,news on the web corpus,0.0,1.0
A,A,RGS,FBO,corpora,corpora,0.0,1.0
A,A,RGS,FBO,date (range) of language production,date (range) of language production,0.0,1.0
A,A,RGS,FBO,corpus collection date,corpus collection date,0.0,1.0
A,A,RGS,FBO,date of production,date of production,0.0,1.0
A,A,RGS,FBO,corpus design,corpus design,0.0,1.0
A,A,RGS,FBO,corpora,corpora,0.0,1.0
A,A,RGS,FBO,corpus design,corpus design,0.0,1.0
A,A,RGS,FBO,corpus design,corpus design,0.0,1.0
A,A,RGS,FBO,population definition,population definition,0.0,1.0
A,A,RGS,FBO,corpus size,corpus size,0.0,1.0
A,A,RGS,FBO,sampling methodology,sampling methodology,0.0,1.0
A,A,RGS,FBO,corpora,corpora,0.0,1.0
A,A,RGS,FBO,corpora,corpora,0.0,1.0
A,A,RGS,FBO,target population,target population,0.0,1.0
A,A,RGS,FBO,linguistic corpora,linguistic corpora,0.0,1.0
A,A,RGS,FBO,subcorpora,subcorpora,0.0,1.0
A,A,RGS,FBO,corpus linguistic,corpus linguistic,0.0,1.0
A,A,RGS,FBO,corpora,corpora,0.0,1.0
A,A,RGS,FBO,corpus,corpus,0.0,1.0
A,A,RGS,FBO,corpora,corpora,0.0,1.0
A,A,RGS,FBO,corpus linguistics,corpus linguistics,0.0,1.0
A,A,RGS,FBO,corpus,corpus,0.0,1.0
A,A,RGS,FBO,corpora,corpora,0.0,1.0
A,A,RGS,FBO,corpora,corpora,0.0,1.0
A,A,RGS,FBO,bnc,bnc,0.0,1.0
A,A,RGS,FBO,corpus tokens,corpus tokens,0.0,1.0
A,A,RGS,FBO,corpora,corpora,0.0,1.0
A,A,RGS,FBO,corpora,corpora,0.0,1.0
A,A,RGS,FBO,corpus,corpus,0.0,1.0
A,A,RGS,FBO,reference corpora,reference corpora,0.0,1.0
A,A,RGS,FBO,target corpora,target corpora,0.0,1.0
A,A,RGS,FBO,corpus,corpus,0.0,1.0
A,A,RGS,FBO,corpora,corpora,0.0,1.0
A,A,RGS,FBO,corpora,corpora,0.0,1.0
A,A,RGS,FBO,corpora,corpora,0.0,1.0
A,A,RGS,FBO,corpora,corpora,0.0,1.0
A,A,RGS,FBO,subcorpora,subcorpora,0.0,1.0
A,A,RGS,FBO,corpus,corpus,0.0,1.0
A,A,RGS,FBO,corpora,corpora,0.0,1.0
A,A,RGS,FBO,corpora,corpora,0.0,1.0
A,A,RGS,FBO,corpora,corpora,0.0,1.0
A,A,RGS,FBO,corpora,corpora,0.0,1.0
A,A,RGS,FBO,sample,sample,0.0,1.0
A,A,RGS,FBO,corpus,corpus,0.0,1.0
A,A,RGS,FBO,corpus,corpus,0.0,1.0
A,A,RGS,FBO,corpus,corpus,0.0,1.0
A,A,RGS,FBO,domain,domain,0.0,1.0
A,A,RGS,FBO,population,population,0.0,1.0
A,A,RGS,FBO,method of sampling,method of sampling,0.0,1.0
A,A,RGS,FBO,mode,mode,0.0,1.0
A,A,RGS,FBO,texts,texts,0.0,1.0
A,A,RGS,FBO,tokens,tokens,0.0,1.0
A,A,RGS,FBO,timeframe,timeframe,0.0,1.0
A,A,RGS,FBO,coding methods,coding methods,0.0,1.0
A,A,RGS,FBO,corpus,corpus,0.0,1.0
A,A,RGS,FBO,corpus,corpus,0.0,1.0
A,A,RGS,FBO,coding scheme,coding scheme,0.0,1.0
A,A,RGS,FBO,population,population,0.0,1.0
A,A,RGS,FBO,sampling,sampling,0.0,1.0
A,A,RGS,FBO,information,information,0.0,1.0
A,A,RGS,FBO,target population,target population,0.0,1.0
A,A,RGS,FBO,sampling method,sampling method,0.0,1.0
A,A,RGS,FBO,mode,mode,0.0,1.0
A,A,RGS,FBO,source,source,0.0,1.0
A,A,RGS,FBO,size,size,0.0,1.0
A,A,RGS,FBO,texts,texts,0.0,1.0
A,A,RGS,FBO,tokens,tokens,0.0,1.0
A,A,RGS,FBO,language,language,0.0,1.0
A,A,RGS,FBO,annotation methods,annotation methods,0.0,1.0
A,A,RGS,FBO,text length,text length,0.0,1.0
A,A,RGS,FBO,piloting procedures,piloting procedures,0.0,1.0
A,A,RGS,FBO,corpus,corpus,0.0,1.0
A,A,RGS,FBO,corpus attributes,corpus attributes,0.0,1.0
A,A,RGS,FBO,population definition,population definition,0.0,1.0
A,A,RGS,FBO,population,population,0.0,1.0
A,A,RGS,FBO,corpus,corpus,0.0,1.0
A,A,RGS,FBO,sampling method,sampling method,0.0,1.0
A,A,RGS,FBO,population,population,0.0,1.0
A,A,RGS,FBO,random,random,0.0,1.0
A,A,RGS,FBO,stratified,stratified,0.0,1.0
A,A,RGS,FBO,cluster,cluster,0.0,1.0
A,A,RGS,FBO,systematic,systematic,0.0,1.0
A,A,RGS,FBO,convenience,convenience,0.0,1.0
A,A,RGS,FBO,sampling,sampling,0.0,1.0
A,A,RGS,FBO,population,population,0.0,1.0
A,A,RGS,FBO,corpus,corpus,0.0,1.0
A,A,RGS,FBO,stratified,stratified,0.0,1.0
A,A,RGS,FBO,population,population,0.0,1.0
A,A,RGS,FBO,homogenous subgroups,homogenous subgroups,0.0,1.0
A,A,RGS,FBO,texts,texts,0.0,1.0
A,A,RGS,FBO,sampled,sampled,0.0,1.0
A,A,RGS,FBO,systematic,systematic,0.0,1.0
A,A,RGS,FBO,population,population,0.0,1.0
A,A,RGS,FBO,sampled,sampled,0.0,1.0
A,A,RGS,FBO,convenience’,convenience’,0.0,1.0
A,A,RGS,FBO,non-probability sample,non-probability sample,0.0,1.0
A,A,RGS,FBO,snowball,snowball,0.0,1.0
A,A,RGS,FBO,consecutive sampling,consecutive sampling,0.0,1.0
A,A,RGS,FBO,judgmental sampling,judgmental sampling,0.0,1.0
A,A,RGS,FBO,sample,sample,0.0,1.0
A,A,RGS,FBO,corpus,corpus,0.0,1.0
A,A,RGS,FBO,mode,mode,0.0,1.0
A,A,RGS,FBO,spoken,spoken,0.0,1.0
A,A,RGS,FBO,written,written,0.0,1.0
A,A,RGS,FBO,signing,signing,0.0,1.0
A,A,RGS,FBO,mode,mode,0.0,1.0
A,A,RGS,FBO,corpus,corpus,0.0,1.0
A,A,RGS,FBO,multimodal,multimodal,0.0,1.0
A,A,RGS,FBO,modes,modes,0.0,1.0
A,A,RGS,FBO,texts,texts,0.0,1.0
A,A,RGS,FBO,texts,texts,0.0,1.0
A,A,RGS,FBO,tokens,tokens,0.0,1.0
A,A,RGS,FBO,word tokens,word tokens,0.0,1.0
A,A,RGS,FBO,corpus,corpus,0.0,1.0
A,A,RGS,FBO,corpus year(s),corpus year(,0.143,0.857
A,A,RGS,FBO,texts,texts,0.0,1.0
A,A,RGS,FBO,corpus,corpus,0.0,1.0
A,A,RGS,FBO,corpus,corpus,0.0,1.0
A,A,RGS,FBO,corpus,corpus,0.0,1.0
A,A,RGS,FBO,coding scheme,coding scheme,0.0,1.0
A,A,RGS,FBO,coders,coders,0.0,1.0
A,A,RGS,FBO,ding scheme,ding scheme,0.0,1.0
A,A,RGS,FBO,training data,training data,0.0,1.0
A,A,RGS,FBO,coding,coding,0.0,1.0
A,A,RGS,FBO,coder,coder,0.0,1.0
A,A,RGS,FBO,coded,coded,0.0,1.0
A,A,RGS,FBO,reliability,reliability,0.0,1.0
A,A,RGS,FBO,inter-rater agreement,inter-rater agreement,0.0,1.0
A,A,RGS,FBO,sampling method category,sampling method category,0.0,1.0
A,A,RGS,FBO,coders,coders,0.0,1.0
A,A,RGS,FBO,corpus,corpus,0.0,1.0
A,A,RGS,FBO,corpora,corpora,0.0,1.0
A,A,RGS,FBO,corpora,corpora,0.0,1.0
A,A,RGS,FBO,coding,coding,0.0,1.0
A,A,RGS,FBO,counts,counts,0.0,1.0
A,A,RGS,FBO,corpora,corpora,0.0,1.0
A,A,RGS,FBO,coding categories,coding categories,0.0,1.0
A,A,RGS,FBO,population definition,population definition,0.0,1.0
A,A,RGS,FBO,language,language,0.0,1.0
A,A,RGS,FBO,mode,mode,0.0,1.0
A,A,RGS,FBO,counts,counts,0.0,1.0
A,A,RGS,FBO,count,count,0.0,1.0
A,A,RGS,FBO,texts,texts,0.0,1.0
A,A,RGS,FBO,tokens,tokens,0.0,1.0
A,A,RGS,FBO,population definition,population definition,0.0,1.0
A,A,RGS,FBO,corpora,corpora,0.0,1.0
A,A,RGS,FBO,population,population,0.0,1.0
A,A,RGS,FBO,sampled,sampled,0.0,1.0
A,A,RGS,FBO,size,size,0.0,1.0
A,A,RGS,FBO,date,date,0.0,1.0
A,A,RGS,FBO,corpora,corpora,0.0,1.0
A,A,RGS,FBO,sample,sample,0.0,1.0
A,A,RGS,FBO,corpora,corpora,0.0,1.0
A,A,RGS,FBO,corpus,corpus,0.0,1.0
A,A,RGS,FBO,sampling methodology,sampling methodology,0.0,1.0
A,A,RGS,FBO,corpora,corpora,0.0,1.0
A,A,RGS,FBO,sampling method,sampling method,0.0,1.0
A,A,RGS,FBO,corpora,corpora,0.0,1.0
A,A,RGS,FBO,corpora,corpora,0.0,1.0
A,A,RGS,FBO,methodology of sampling,methodology of sampling,0.0,1.0
A,A,RGS,FBO,sample,sample,0.0,1.0
A,A,RGS,FBO,corpora,corpora,0.0,1.0
A,A,RGS,FBO,corpora,corpora,0.0,1.0
A,A,RGS,FBO,sample,sample,0.0,1.0
A,A,RGS,FBO,corpora,corpora,0.0,1.0
A,A,RGS,FBO,corpora,corpora,0.0,1.0
A,A,RGS,FBO,corpus,corpus,0.0,1.0
A,A,RGS,FBO,corpora,corpora,0.0,1.0
A,A,RGS,FBO,corpora,corpora,0.0,1.0
A,A,RGS,FBO,corpora,corpora,0.0,1.0
A,A,RGS,FBO,mode,mode,0.0,1.0
A,A,RGS,FBO,corpora,corpora,0.0,1.0
A,A,RGS,FBO,written texts,written texts,0.0,1.0
A,A,RGS,FBO,written texts,written texts,0.0,1.0
A,A,RGS,FBO,spoken texts,spoken texts,0.0,1.0
A,A,RGS,FBO,mode,mode,0.0,1.0
A,A,RGS,FBO,sampling time frame,sampling time frame,0.0,1.0
A,A,RGS,FBO,modes,modes,0.0,1.0
A,A,RGS,FBO,corpora,corpora,0.0,1.0
A,A,RGS,FBO,number of texts,number of texts,0.0,1.0
A,A,RGS,FBO,corpora,corpora,0.0,1.0
A,A,RGS,FBO,texts,texts,0.0,1.0
A,A,RGS,FBO,corpora,corpora,0.0,1.0
A,A,RGS,FBO,text numbers,text numbers,0.0,1.0
A,A,RGS,FBO,corpora,corpora,0.0,1.0
A,A,RGS,FBO,text,text,0.0,1.0
A,A,RGS,FBO,corpora,corpora,0.0,1.0
A,A,RGS,FBO,texts,texts,0.0,1.0
A,A,RGS,FBO,number of,number of,0.0,1.0
A,A,RGS,FBO,texts,texts,0.0,1.0
A,A,RGS,FBO,number of texts,number of texts,0.0,1.0
A,A,RGS,FBO,sample,sample,0.0,1.0
A,A,RGS,FBO,texts,texts,0.0,1.0
A,A,RGS,FBO,number of texts,number of texts,0.0,1.0
A,A,RGS,FBO,corpora,corpora,0.0,1.0
A,A,RGS,FBO,number of tokens,number of tokens,0.0,1.0
A,A,RGS,FBO,corpora,corpora,0.0,1.0
A,A,RGS,FBO,number of tokens,number of tokens,0.0,1.0
A,A,RGS,FBO,corpora,corpora,0.0,1.0
A,A,RGS,FBO,tokens,tokens,0.0,1.0
A,A,RGS,FBO,tokens,tokens,0.0,1.0
A,A,RGS,FBO,number of tokens,number of tokens,0.0,1.0
A,A,RGS,FBO,corpora,corpora,0.0,1.0
A,A,RGS,FBO,tokens,tokens,0.0,1.0
A,A,RGS,FBO,corpus,corpus,0.0,1.0
A,A,RGS,FBO,texts,texts,0.0,1.0
A,A,RGS,FBO,corpora,corpora,0.0,1.0
A,A,RGS,FBO,sample,sample,0.0,1.0
A,A,RGS,FBO,texts,texts,0.0,1.0
A,A,RGS,FBO,number of tokens,number of tokens,0.0,1.0
A,A,RGS,FBO,corpora,corpora,0.0,1.0
A,A,RGS,FBO,timeframe,timeframe,0.0,1.0
A,A,RGS,FBO,corpora,corpora,0.0,1.0
A,A,RGS,FBO,timeframe,timeframe,0.0,1.0
A,A,RGS,FBO,texts,texts,0.0,1.0
A,A,RGS,FBO,corpora,corpora,0.0,1.0
A,A,RGS,FBO,sample,sample,0.0,1.0
A,A,RGS,FBO,corpora,corpora,0.0,1.0
A,A,RGS,FBO,corpus researchers,corpus research,0.167,0.833
A,A,RGS,FBO,corpora,corpora,0.0,1.0
A,A,RGS,FBO,corpus design,corpus design,0.0,1.0
A,A,RGS,FBO,target population,target population,0.0,1.0
A,A,RGS,FBO,corpus design,corpus design,0.0,1.0
A,A,RGS,FBO,population,population,0.0,1.0
A,A,RGS,FBO,corpora,corpora,0.0,1.0
A,A,RGS,FBO,population,population,0.0,1.0
A,A,RGS,FBO,population,population,0.0,1.0
A,A,RGS,FBO,corpora,corpora,0.0,1.0
A,A,RGS,FBO,population,population,0.0,1.0
A,A,RGS,FBO,corpus,corpus,0.0,1.0
A,A,RGS,FBO,population definitions,population definitions,0.0,1.0
A,A,RGS,FBO,target populations,target populations,0.0,1.0
A,A,RGS,FBO,corpora,corpora,0.0,1.0
A,A,RGS,FBO,population definitions,population definitions,0.0,1.0
A,A,RGS,FBO,corpus,corpus,0.0,1.0
A,A,RGS,FBO,ant corpus,ant corpus,0.0,1.0
A,A,RGS,FBO,texts,texts,0.0,1.0
A,A,RGS,FBO,words,words,0.0,1.0
A,A,RGS,FBO,corpus description,corpus description,0.0,1.0
A,A,RGS,FBO,target population,target population,0.0,1.0
A,A,RGS,FBO,corpus selection,corpus selection,0.0,1.0
A,A,RGS,FBO,corpus descriptions,corpus descriptions,0.0,1.0
A,A,RGS,FBO,corpus,corpus,0.0,1.0
A,A,RGS,FBO,target population,target population,0.0,1.0
A,A,RGS,FBO,inclusion criteria,inclusion criteria,0.0,1.0
A,A,RGS,FBO,corpus,corpus,0.0,1.0
A,A,RGS,FBO,population description,population definition,0.182,0.818
A,A,RGS,FBO,sampling methods,sampling methods,0.0,1.0
A,A,RGS,FBO,population definition,population definition,0.0,1.0
A,A,RGS,FBO,sample,sample,0.0,1.0
A,A,RGS,FBO,corpus sample,corpus sample,0.0,1.0
A,A,RGS,FBO,population definition,population definition,0.0,1.0
A,A,RGS,FBO,corpus of historical american english,corpus of historical american english,0.0,1.0
A,A,RGS,FBO,coha,coha,0.0,1.0
A,A,RGS,FBO,corpus,corpus,0.0,1.0
A,A,RGS,FBO,corpus,corpus,0.0,1.0
A,A,RGS,FBO,bnc,bnc,0.0,1.0
A,A,RGS,FBO,coca,coca,0.0,1.0
A,A,RGS,FBO,population,population,0.0,1.0
A,A,RGS,FBO,corpus,corpus,0.0,1.0
A,A,RGS,FBO,target population,target population,0.0,1.0
A,A,RGS,FBO,corpus,corpus,0.0,1.0
A,A,RGS,FBO,population definitions,population definitions,0.0,1.0
A,A,RGS,FBO,methodology for sampling,methodology for sampling,0.0,1.0
A,A,RGS,FBO,corpora,corpora,0.0,1.0
A,A,RGS,FBO,target population,target population,0.0,1.0
A,A,RGS,FBO,representativeness,representativeness,0.0,1.0
A,A,RGS,FBO,method of sampling,method of sampling,0.0,1.0
A,A,RGS,FBO,generalizability,generalizability,0.0,1.0
A,A,RGS,FBO,sampling method,sampling method,0.0,1.0
A,A,RGS,FBO,sampling,sampling,0.0,1.0
A,A,RGS,FBO,corpus,corpus,0.0,1.0
A,A,RGS,FBO,corpus,corpus,0.0,1.0
A,A,RGS,FBO,corpora,corpora,0.0,1.0
A,A,RGS,FBO,number of tokens,number of tokens,0.0,1.0
A,A,RGS,FBO,number of texts,number of texts,0.0,1.0
A,A,RGS,FBO,date of production,date of production,0.0,1.0
A,A,RGS,FBO,corpus description,corpus description,0.0,1.0
A,A,RGS,FBO,number of texts,number of texts,0.0,1.0
A,A,RGS,FBO,number of word tokens,number of word tokens,0.0,1.0
A,A,RGS,FBO,corpus linguistics,corpus linguistics,0.0,1.0
A,A,RGS,FBO,corpus studies,corpus studies,0.0,1.0
A,A,RGS,FBO,corpus,corpus,0.0,1.0
A,A,RGS,FBO,words,words,0.0,1.0
A,A,RGS,FBO,word count,word count,0.0,1.0
A,A,RGS,FBO,population definition,population definition,0.0,1.0
A,A,RGS,FBO,population definitions,population definitions,0.0,1.0
A,A,RGS,FBO,population,population,0.0,1.0
A,A,RGS,FBO,sampled,sampled,0.0,1.0
A,A,RGS,FBO,population,population,0.0,1.0
A,A,RGS,FBO,specificity,specificity,0.0,1.0
A,A,RGS,FBO,generalizable,generalizable,0.0,1.0
A,A,RGS,FBO,limerick belfast corpus of academic spoken english,limerick belfast corpus of academic spoken english,0.0,1.0
A,A,RGS,FBO,li-bel,li-bel,0.0,1.0
A,A,RGS,FBO,words,words,0.0,1.0
A,A,RGS,FBO,main corpus,main corpus,0.0,1.0
A,A,RGS,FBO,sub-corpus,sub-corpus,0.0,1.0
A,A,RGS,FBO,sampling methodology,sampling methodology,0.0,1.0
A,A,RGS,FBO,words,words,0.0,1.0
A,A,RGS,FBO,stratification,stratification,0.0,1.0
A,A,RGS,FBO,balanced corpus,balanced corpus,0.0,1.0
A,A,RGS,FBO,corpora,corpora,0.0,1.0
A,A,RGS,FBO,corpus linguists,corpus linguists,0.0,1.0
A,A,RGS,FBO,corpora,corpora,0.0,1.0
A,A,RGS,FBO,corpora,corpora,0.0,1.0
A,A,RGS,FBO,domains,domains,0.0,1.0
A,A,RGS,FBO,domains,domains,0.0,1.0
A,A,RGS,FBO,corpus linguists,corpus linguists,0.0,1.0
A,A,RGS,FBO,micase,micase,0.0,1.0
A,A,RGS,FBO,bnc,bnc,0.0,1.0
A,A,RGS,FBO,corpus,corpus,0.0,1.0
A,A,RGS,FBO,dataset,dataset,0.0,1.0
A,A,RGS,FBO,corpus linguists,corpus linguists,0.0,1.0
A,A,RGS,FBO,bnc,bnc,0.0,1.0
A,A,RGS,FBO,corpus,corpus,0.0,1.0
A,A,RGS,FBO,bnc,bnc,0.0,1.0
A,A,RGS,FBO,linguistic phenomenon,linguistic phenomena,0.095,0.905
A,A,RGS,FBO,corpora,corpora,0.0,1.0
A,A,RGS,FBO,bnc,bnc,0.0,1.0
A,A,RGS,FBO,coca,coca,0.0,1.0
A,A,RGS,FBO,corpora,corpora,0.0,1.0
A,A,RGS,FBO,corpus design,corpus design,0.0,1.0
A,A,RGS,FBO,corpora,corpora,0.0,1.0
A,A,RGS,FBO,corpora,corpora,0.0,1.0
A,A,RGS,FBO,corpora,corpora,0.0,1.0
A,A,RGS,FBO,corpus documentation,corpus documentation,0.0,1.0
A,A,RGS,FBO,corpus,corpus,0.0,1.0
A,A,RGS,FBO,corpus,corpus,0.0,1.0
A,A,RGS,FBO,corpus,corpus,0.0,1.0
A,A,RGS,FBO,corpus,corpus,0.0,1.0
A,A,RGS,FBO,population of interest,population of interest,0.0,1.0
A,A,RGS,FBO,corpus linguists,corpus linguists,0.0,1.0
A,A,RGS,FBO,corpus linguistics,corpus linguistics,0.0,1.0
A,A,RGS,FBO,corpora,corpora,0.0,1.0
A,A,RGS,FBO,corpora,corpora,0.0,1.0
A,A,RGS,FBO,sampling methodology,sampling methodology,0.0,1.0
A,A,RGS,FBO,corpora,corpora,0.0,1.0
A,A,RGS,FBO,corpora,corpora,0.0,1.0
A,A,RGS,FBO,methods of sampling,methods of sampling,0.0,1.0
A,A,RGS,FBO,random,random,0.0,1.0
A,A,RGS,FBO,systematic,systematic,0.0,1.0
A,A,RGS,FBO,samples,samples,0.0,1.0
A,A,RGS,FBO,sampling method,sampling method,0.0,1.0
A,A,RGS,FBO,stratified samples,stratified samples,0.0,1.0
A,A,RGS,FBO,exceeded convenience samples,exceeded convenience samples,0.0,1.0
A,A,RGS,FBO,sampling,sampling,0.0,1.0
A,A,RGS,FBO,corpus design,corpus design,0.0,1.0
A,A,RGS,FBO,representative samples,representative samples,0.0,1.0
A,A,RGS,FBO,corpora,corpora,0.0,1.0
A,A,RGS,FBO,samples,samples,0.0,1.0
A,A,RGS,FBO,corpora,corpora,0.0,1.0
A,A,RGS,FBO,corpora,corpora,0.0,1.0
A,A,RGS,FBO,bnc,bnc,0.0,1.0
A,A,RGS,FBO,coca,coca,0.0,1.0
A,A,RGS,FBO,ice,ice,0.0,1.0
A,A,RGS,FBO,corpora,corpora,0.0,1.0
A,A,RGS,FBO,corpora,corpora,0.0,1.0
A,A,RGS,FBO,samples,samples,0.0,1.0
A,A,RGS,FBO,corpora,corpora,0.0,1.0
A,A,RGS,FBO,sampling errors,sampling errors,0.0,1.0
A,A,RGS,FBO,corpus,corpus,0.0,1.0
A,A,RGS,FBO,bnc,bnc,0.0,1.0
A,A,RGS,FBO,corpora,corpora,0.0,1.0
A,A,RGS,FBO,bnc,bnc,0.0,1.0
A,A,RGS,FBO,corpus,corpus,0.0,1.0
A,A,RGS,FBO,corpora,corpora,0.0,1.0
A,A,RGS,FBO,bnc,bnc,0.0,1.0
A,A,RGS,FBO,sampling error,sampling error,0.0,1.0
A,A,RGS,FBO,sample,sample,0.0,1.0
A,A,RGS,FBO,bnc,bnc,0.0,1.0
A,A,RGS,FBO,corpora,corpora,0.0,1.0
A,A,RGS,FBO,documentation,documentation,0.0,1.0
A,A,RGS,FBO,ice,ice,0.0,1.0
A,A,RGS,FBO,corpus,corpus,0.0,1.0
A,A,RGS,FBO,corpora,corpora,0.0,1.0
A,A,RGS,FBO,corpus research,corpus research,0.0,1.0
A,A,RGS,FBO,tokens,tokens,0.0,1.0
A,A,RGS,FBO,corpora,corpora,0.0,1.0
A,A,RGS,FBO,tokens,tokens,0.0,1.0
A,A,RGS,FBO,corpus,corpus,0.0,1.0
A,A,RGS,FBO,tokens,tokens,0.0,1.0
A,A,RGS,FBO,corpus linguistics,corpus linguistics,0.0,1.0
A,A,RGS,FBO,datasets,datasets,0.0,1.0
A,A,RGS,FBO,quantitative analysis,quantitative analysis,0.0,1.0
A,A,RGS,FBO,corpora,corpora,0.0,1.0
A,A,RGS,FBO,corpus linguistics,corpus linguistics,0.0,1.0
A,A,RGS,FBO,corpus linguistics,corpus linguistics,0.0,1.0
A,A,RGS,FBO,signed language,signed language,0.0,1.0
A,A,RGS,FBO,corpora,corpora,0.0,1.0
A,A,RGS,FBO,texts,texts,0.0,1.0
A,A,RGS,FBO,corpora,corpora,0.0,1.0
A,A,RGS,FBO,international journal of corpus linguistics,international journal of corpus linguistics,0.0,1.0
A,A,RGS,FBO,spoken corpora,spoken corpora,0.0,1.0
A,A,RGS,FBO,spoken corpora,spoken corpora,0.0,1.0
A,A,RGS,FBO,corpora,corpora,0.0,1.0
A,A,RGS,FBO,coded features,coded features,0.0,1.0
A,A,RGS,FBO,size of corpora,size of corpora,0.0,1.0
A,A,RGS,FBO,texts,texts,0.0,1.0
A,A,RGS,FBO,words,words,0.0,1.0
A,A,RGS,FBO,population definitions,population definitions,0.0,1.0
A,A,RGS,FBO,sampling methodology,sampling methodology,0.0,1.0
A,A,RGS,FBO,corpora,corpora,0.0,1.0
A,A,RGS,FBO,corpora,corpora,0.0,1.0
A,A,RGS,FBO,ad-hoc corpora,ad-hoc corpora,0.0,1.0
A,A,RGS,FBO,corpora,corpora,0.0,1.0
A,A,RGS,FBO,corpora,corpora,0.0,1.0
A,A,RGS,FBO,sampled corpora,sampled corpora,0.0,1.0
A,A,RGS,FBO,corpora,corpora,0.0,1.0
A,A,RGS,FBO,custom-made corpora,custom-made corpora,0.0,1.0
A,A,RGS,FBO,corpora,corpora,0.0,1.0
A,A,RGS,FBO,corpus linguistics,corpus linguistics,0.0,1.0
A,A,RGS,FBO,compiling corpora,compiling corpora,0.0,1.0
A,A,RGS,FBO,corpora,corpora,0.0,1.0
A,A,RGS,FBO,corpus,corpus,0.0,1.0
A,A,RGS,FBO,coca,coca,0.0,1.0
A,A,RGS,FBO,words,words,0.0,1.0
A,A,RGS,FBO,corpora,corpora,0.0,1.0
A,A,RGS,FBO,corpus linguistics,corpus linguistics,0.0,1.0
A,A,RGS,FBO,corpus linguistics,corpus linguistics,0.0,1.0
A,A,RGS,FBO,population,population,0.0,1.0
A,A,RGS,FBO,sampling parameters,sampling parameters,0.0,1.0
A,A,RGS,FBO,representativeness,representativeness,0.0,1.0
A,A,RGS,FBO,sampling method,sampling method,0.0,1.0
A,A,RGS,FBO,corpus,corpus,0.0,1.0
A,A,RGS,FBO,domain of interest,domain of interest,0.0,1.0
A,A,RGS,FBO,text types,text types,0.0,1.0
A,A,RGS,FBO,corpus,corpus,0.0,1.0
A,A,RGS,FBO,linguistic construct,linguistic construct,0.0,1.0
A,A,RGS,FBO,linguistics distributions,linguistics distributions,0.0,1.0
A,A,RGS,FBO,representativeness,representativeness,0.0,1.0
A,A,RGS,FBO,corpora,corpora,0.0,1.0
A,A,RGS,FBO,population,population,0.0,1.0
A,A,RGS,FBO,corpus,corpus,0.0,1.0
A,A,RGS,FBO,corpus,corpus,0.0,1.0
A,A,RGS,FBO,target,target,0.0,1.0
A,A,RGS,FBO,population,population,0.0,1.0
A,A,RGS,FBO,population,population,0.0,1.0
A,A,RGS,FBO,token count,token count,0.0,1.0
A,A,RGS,FBO,words,words,0.0,1.0
A,A,RGS,FBO,corpus,corpus,0.0,1.0
A,A,RGS,FBO,text count,text count,0.0,1.0
A,A,RGS,FBO,texts,texts,0.0,1.0
A,A,RGS,FBO,corpus,corpus,0.0,1.0
A,A,RGS,FBO,years,years,0.0,1.0
A,A,RGS,FBO,texts,texts,0.0,1.0
A,A,RGS,FBO,corpus,corpus,0.0,1.0
A,A,RGS,FBO,sampling,sampling,0.0,1.0
A,A,RGS,FBO,method,method,0.0,1.0
A,A,RGS,FBO,compile,compile,0.0,1.0
A,A,RGS,FBO,sample,sample,0.0,1.0
A,A,RGS,FBO,full population,full population,0.0,1.0
A,A,RGS,FBO,random,random,0.0,1.0
A,A,RGS,FBO,systematic,systematic,0.0,1.0
A,A,RGS,FBO,sample,sample,0.0,1.0
A,A,RGS,FBO,mode,mode,0.0,1.0
A,A,RGS,FBO,language spoken,language spoken,0.0,1.0
A,A,RGS,FBO,written,written,0.0,1.0
A,A,RGS,FBO,signed,signed,0.0,1.0
A,A,RGS,FBO,multimodal,multimodal,0.0,1.0
A,A,RGS,FBO,language,language,0.0,1.0
A,A,RGS,FBO,variety,variety,0.0,1.0
A,A,RGS,FBO,dialect,dialect,0.0,1.0
A,A,RGS,FBO,register,register,0.0,1.0
A,A,RGS,FBO,genre,genre,0.0,1.0
A,A,RGS,FBO,corpus,corpus,0.0,1.0
A,A,RGS,FBO,coding,coding,0.0,1.0
A,A,RGS,FBO,coding,coding,0.0,1.0
A,A,RGS,FBO,coding,coding,0.0,1.0
A,A,RGS,FBO,method of sampling,method of sampling,0.0,1.0
A,A,RGS,FBO,biased,biased,0.0,1.0
A,A,RGS,FBO,inclusion criteria,inclusion criteria,0.0,1.0
A,A,RGS,FBO,corpus research,corpus research,0.0,1.0
A,A,RGS,FBO,corpus,corpus,0.0,1.0
A,A,RGS,FBO,biases,biases,0.0,1.0
A,A,RGS,FBO,corpus linguistics,corpus linguistics,0.0,1.0
A,A,RGS,FBO,corpus description,corpus description,0.0,1.0
A,A,RGS,FBO,corpus research,corpus research,0.0,1.0
A,A,RGS,FBO,corpus,corpus,0.0,1.0
A,A,RGS,FBO,texts,texts,0.0,1.0
A,A,RGS,FBO,number of texts,number of texts,0.0,1.0
A,A,RGS,FBO,number of sentences,number of sentences,0.0,1.0
A,A,RGS,FBO,corpora,corpora,0.0,1.0
A,A,RGS,FBO,studies,studies,0.0,1.0
A,A,RGS,FBO,number of words,number of words,0.0,1.0
A,A,RGS,FBO,texts,texts,0.0,1.0
A,A,RGS,FBO,corpus design,corpus design,0.0,1.0
A,A,RGS,FBO,annotation methods,annotation methods,0.0,1.0
A,A,RGS,FBO,annotation accuracy,annotation accuracy,0.0,1.0
A,A,RGS,FBO,piloting procedures,piloting procedures,0.0,1.0
A,A,RGS,FBO,corpus,corpus,0.0,1.0
A,A,RGS,FBO,corpus linguistics,corpus linguistics,0.0,1.0
A,A,RGS,FBO,corpus design,corpus design,0.0,1.0
A,A,RGS,FBO,domain,domain,0.0,1.0
A,A,RGS,FBO,corpus,corpus,0.0,1.0
A,A,RGS,FBO,tokens,tokens,0.0,1.0
A,A,RGS,FBO,features,features,0.0,1.0
A,A,RGS,FBO,corpus,corpus,0.0,1.0
A,A,RGS,FBO,corpus design,corpus design,0.0,1.0
A,A,RGS,FBO,corpus linguistics,corpus linguistics,0.0,1.0
A,A,MCM,FBO,corpus,corpus,0.0,1.0
A,A,MCM,FBO,representativeness,representativeness,0.0,1.0
A,A,MCM,FBO,corpus,corpus,0.0,1.0
A,A,MCM,FBO,sampling,sampling,0.0,1.0
A,A,MCM,FBO,corpora,corpora,0.0,1.0
A,A,MCM,FBO,samples,samples,0.0,1.0
A,A,MCM,FBO,population,population,0.0,1.0
A,A,MCM,FBO,corpus,corpus,0.0,1.0
A,A,MCM,FBO,corpus,corpus,0.0,1.0
A,A,MCM,FBO,linguistics,linguistics,0.0,1.0
A,A,MCM,FBO,corpus,corpus,0.0,1.0
A,A,MCM,FBO,corpora,corpora,0.0,1.0
A,A,MCM,FBO,documentation,documentation,0.0,1.0
A,A,MCM,FBO,domain,domain,0.0,1.0
A,A,MCM,FBO,distributional representativeness,distributional representativeness,0.0,1.0
A,A,MCM,FBO,corpora,corpora,0.0,1.0
A,A,MCM,FBO,information,information,0.0,1.0
A,A,MCM,FBO,corpus,corpus,0.0,1.0
A,A,MCM,FBO,corpus,corpus,0.0,1.0
A,A,MCM,FBO,corpus,corpus,0.0,1.0
A,A,MCM,FBO,designing,signing,0.222,0.778
A,A,MCM,FBO,corpora,corpora,0.0,1.0
A,A,MCM,FBO,population,population,0.0,1.0
A,A,MCM,FBO,sampling method,sampling method,0.0,1.0
A,A,MCM,FBO,corpus,corpus,0.0,1.0
A,A,MCM,FBO,corpus,corpus,0.0,1.0
A,A,MCM,FBO,corpus,corpus,0.0,1.0
A,A,MCM,FBO,linguistics,linguistics,0.0,1.0
A,A,MCM,FBO,corpus,corpus,0.0,1.0
A,A,MCM,FBO,subdomains,subdomains,0.0,1.0
A,A,MCM,FBO,corpus,corpus,0.0,1.0
A,A,MCM,FBO,corpora,corpora,0.0,1.0
A,A,MCM,FBO,data,date,0.25,0.75
A,A,MCM,FBO,corpora,corpora,0.0,1.0
A,A,MCM,FBO,language,language,0.0,1.0
A,A,MCM,FBO,corpus,corpus,0.0,1.0
A,A,MCM,FBO,corpus,corpus,0.0,1.0
A,A,MCM,FBO,corpora,corpora,0.0,1.0
A,A,MCM,FBO,corpus,corpus,0.0,1.0
A,A,MCM,FBO,corpus,corpus,0.0,1.0
A,A,MCM,FBO,corpus,corpus,0.0,1.0
A,A,MCM,FBO,corpus,corpus,0.0,1.0
A,A,MCM,FBO,corpus,corpus,0.0,1.0
A,A,MCM,FBO,corpus,corpus,0.0,1.0
A,A,MCM,FBO,corpora,corpora,0.0,1.0
A,A,MCM,FBO,corpus,corpus,0.0,1.0
A,A,MCM,FBO,corpora,corpora,0.0,1.0
A,A,MCM,FBO,corpora,corpora,0.0,1.0
A,A,MCM,FBO,corpora,corpora,0.0,1.0
A,A,MCM,FBO,corpora,corpora,0.0,1.0
A,A,MCM,FBO,language,language,0.0,1.0
A,A,MCM,FBO,corpus,corpus,0.0,1.0
A,A,MCM,FBO,corpora,corpora,0.0,1.0
A,A,MCM,FBO,corpora,corpora,0.0,1.0
A,A,MCM,FBO,corpus,corpus,0.0,1.0
A,A,MCM,FBO,corpus,corpus,0.0,1.0
A,A,MCM,FBO,corpus,corpus,0.0,1.0
A,A,MCM,FBO,corpus,corpus,0.0,1.0
A,A,MCM,FBO,size,size,0.0,1.0
A,A,MCM,FBO,corpus,corpus,0.0,1.0
A,A,MCM,FBO,linguistics,linguistics,0.0,1.0
A,A,MCM,FBO,corpora,corpora,0.0,1.0
A,A,MCM,FBO,corpus,corpus,0.0,1.0
A,A,MCM,FBO,corpus,corpus,0.0,1.0
A,A,MCM,FBO,corpora,corpora,0.0,1.0
A,A,MCM,FBO,corpora,corpora,0.0,1.0
A,A,MCM,FBO,corpus,corpus,0.0,1.0
A,A,MCM,FBO,corpora,corpora,0.0,1.0
A,A,MCM,FBO,corpus,corpus,0.0,1.0
A,A,MCM,FBO,corpora,corpora,0.0,1.0
A,A,MCM,FBO,corpora,corpora,0.0,1.0
A,A,MCM,FBO,corpus,corpus,0.0,1.0
A,A,MCM,FBO,population,population,0.0,1.0
A,A,MCM,FBO,sampling method,sampling method,0.0,1.0
A,A,MCM,FBO,sample,sample,0.0,1.0
A,A,MCM,FBO,size,size,0.0,1.0
A,A,MCM,FBO,text types,text types,0.0,1.0
A,A,MCM,FBO,documentation,documentation,0.0,1.0
A,A,MCM,FBO,corpus,corpus,0.0,1.0
A,A,MCM,FBO,number of texts,number of texts,0.0,1.0
A,A,MCM,FBO,population,population,0.0,1.0
A,A,MCM,FBO,operational domain,operational domain,0.0,1.0
A,A,MCM,FBO,data,date,0.25,0.75
A,A,MCM,FBO,sampled,sampled,0.0,1.0
A,A,MCM,FBO,documentation,documentation,0.0,1.0
A,A,MCM,FBO,corpora,corpora,0.0,1.0
A,A,MCM,FBO,target,target,0.0,1.0
A,A,MCM,FBO,domain,domain,0.0,1.0
A,A,MCM,FBO,corpora,corpora,0.0,1.0
A,A,MCM,FBO,designed,signed,0.25,0.75
A,A,MCM,FBO,corpora,corpora,0.0,1.0
A,A,MCM,FBO,corpora,corpora,0.0,1.0
A,A,MCM,FBO,documentation,documentation,0.0,1.0
A,A,MCM,FBO,corpora,corpora,0.0,1.0
A,A,MCM,FBO,corpora,corpora,0.0,1.0
A,A,MCM,FBO,documentation,documentation,0.0,1.0
A,A,MCM,FBO,corpora,corpora,0.0,1.0
A,A,MCM,FBO,documentation,documentation,0.0,1.0
A,A,MCM,FBO,corpus,corpus,0.0,1.0
A,A,MCM,FBO,number of words,number of words,0.0,1.0
A,A,MCM,FBO,corpora,corpora,0.0,1.0
A,A,MCM,FBO,sampling,sampling,0.0,1.0
A,A,MCM,FBO,sampling method,sampling method,0.0,1.0
A,A,MCM,FBO,corpus,corpus,0.0,1.0
A,A,MCM,FBO,corpus,corpus,0.0,1.0
A,A,MCM,FBO,corpus,corpus,0.0,1.0
A,A,MCM,FBO,corpus,corpus,0.0,1.0
A,A,MCM,FBO,corpus,corpus,0.0,1.0
A,A,MCM,FBO,corpus,corpus,0.0,1.0
A,A,MCM,FBO,population definition,population definition,0.0,1.0
A,A,MCM,FBO,sampling method,sampling method,0.0,1.0
A,A,MCM,FBO,sample size,sample size,0.0,1.0
A,A,MCM,FBO,time of language production,date (range) of language production,0.286,0.714
A,A,MCM,FBO,corpus,corpus,0.0,1.0
A,A,MCM,FBO,corpus,corpus,0.0,1.0
A,A,MCM,FBO,corpus description,corpus description,0.0,1.0
A,A,MCM,FBO,corpora,corpora,0.0,1.0
A,A,MCM,FBO,samples,samples,0.0,1.0
A,A,MCM,FBO,designed,signed,0.25,0.75
A,A,MCM,FBO,populations,population,0.091,0.909
A,A,MCM,FBO,language,language,0.0,1.0
A,A,MCM,FBO,sampling,sampling,0.0,1.0
A,A,MCM,FBO,corpora,corpora,0.0,1.0
A,A,MCM,FBO,target population,target population,0.0,1.0
A,A,MCM,FBO,population,population,0.0,1.0
A,A,MCM,FBO,corpus,corpus,0.0,1.0
A,A,MCM,FBO,population,population,0.0,1.0
A,A,MCM,FBO,corpus,corpus,0.0,1.0
A,A,MCM,FBO,corpus,corpus,0.0,1.0
A,A,MCM,FBO,domain,domain,0.0,1.0
A,A,MCM,FBO,population definition,population definition,0.0,1.0
A,A,MCM,FBO,sampling,sampling,0.0,1.0
A,A,MCM,FBO,corpus,corpus,0.0,1.0
A,A,MCM,FBO,sampling method,sampling method,0.0,1.0
A,A,MCM,FBO,population,population,0.0,1.0
A,A,MCM,FBO,sampled,sampled,0.0,1.0
A,A,MCM,FBO,sample,sample,0.0,1.0
A,A,MCM,FBO,biased,biased,0.0,1.0
A,A,MCM,FBO,sampling method,sampling method,0.0,1.0
A,A,MCM,FBO,sampling method,sampling method,0.0,1.0
A,A,MCM,FBO,sampling,sampling,0.0,1.0
A,A,MCM,FBO,representativeness of a,representativeness,0.217,0.783
A,A,MCM,FBO,corpus,corpus,0.0,1.0
A,A,MCM,FBO,corpus,corpus,0.0,1.0
A,A,MCM,FBO,sampling,sampling,0.0,1.0
A,A,MCM,FBO,sampling method,sampling method,0.0,1.0
A,A,MCM,FBO,representative,representative,0.0,1.0
A,A,MCM,FBO,stratified samples,stratified samples,0.0,1.0
A,A,MCM,FBO,representative,representative,0.0,1.0
A,A,MCM,FBO,non-stratified samples,non-stratified samples,0.0,1.0
A,A,MCM,FBO,random selection methods,selection methods,0.292,0.708
A,A,MCM,FBO,sampling,sampling,0.0,1.0
A,A,MCM,FBO,to selection bias,selection bias,0.176,0.824
A,A,MCM,FBO,non-representative samples,non-representative samples,0.0,1.0
A,A,MCM,FBO,corpora,corpora,0.0,1.0
A,A,MCM,FBO,designed,signed,0.25,0.75
A,A,MCM,FBO,domains,domains,0.0,1.0
A,A,MCM,FBO,corpora,corpora,0.0,1.0
A,A,MCM,FBO,sampling method,sampling method,0.0,1.0
A,A,MCM,FBO,datasets,datasets,0.0,1.0
A,A,MCM,FBO,sampling methodology,sampling methodology,0.0,1.0
A,A,MCM,FBO,corpus,corpus,0.0,1.0
A,A,MCM,FBO,size,size,0.0,1.0
A,A,MCM,FBO,corpus,corpus,0.0,1.0
A,A,MCM,FBO,corpora,corpora,0.0,1.0
A,A,MCM,FBO,corpora,corpora,0.0,1.0
A,A,MCM,FBO,lexical items.,lexical items,0.071,0.929
A,A,MCM,FBO,corpora,corpora,0.0,1.0
A,A,MCM,FBO,size,size,0.0,1.0
A,A,MCM,FBO,corpus,corpus,0.0,1.0
A,A,MCM,FBO,number of,number of,0.0,1.0
A,A,MCM,FBO,tokens,tokens,0.0,1.0
A,A,MCM,FBO,corpus,corpus,0.0,1.0
A,A,MCM,FBO,size,size,0.0,1.0
A,A,MCM,FBO,number of texts,number of texts,0.0,1.0
A,A,MCM,FBO,designing,signing,0.222,0.778
A,A,MCM,FBO,corpora,corpora,0.0,1.0
A,A,MCM,FBO,number of texts,number of texts,0.0,1.0
A,A,MCM,FBO,token,tokens,0.167,0.833
A,A,MCM,FBO,number of tokens,number of tokens,0.0,1.0
A,A,MCM,FBO,number of,number of,0.0,1.0
A,A,MCM,FBO,tokens,tokens,0.0,1.0
A,A,MCM,FBO,number of texts,number of texts,0.0,1.0
A,A,MCM,FBO,dispersion measures,dispersion measures,0.0,1.0
A,A,MCM,FBO,frequency measures,frequency measures,0.0,1.0
A,A,MCM,FBO,dispersion,dispersion,0.0,1.0
A,A,MCM,FBO,dispersion metrics,dispersion metrics,0.0,1.0
A,A,MCM,FBO,number of texts,number of texts,0.0,1.0
A,A,MCM,FBO,corpus,corpus,0.0,1.0
A,A,MCM,FBO,corpora,corpora,0.0,1.0
A,A,MCM,FBO,number of texts,number of texts,0.0,1.0
A,A,MCM,FBO,corpus,corpus,0.0,1.0
A,A,MCM,FBO,corpus,corpus,0.0,1.0
A,A,MCM,FBO,corpora,corpora,0.0,1.0
A,A,MCM,FBO,corpora,corpora,0.0,1.0
A,A,MCM,FBO,number of words,number of words,0.0,1.0
A,A,MCM,FBO,number of texts,number of texts,0.0,1.0
A,A,MCM,FBO,language,language,0.0,1.0
A,A,MCM,FBO,corpus,corpus,0.0,1.0
A,A,MCM,FBO,linguists,linguistics,0.182,0.818
A,A,MCM,FBO,corpora,corpora,0.0,1.0
A,A,MCM,FBO,language,language,0.0,1.0
A,A,MCM,FBO,corpus,corpus,0.0,1.0
A,A,MCM,FBO,linguists,linguistics,0.182,0.818
A,A,MCM,FBO,date(s) of production,date of production,0.143,0.857
A,A,MCM,FBO,corpus,corpus,0.0,1.0
A,A,MCM,FBO,size,size,0.0,1.0
A,A,MCM,FBO,register diversity,register diversity,0.0,1.0
A,A,MCM,FBO,time,time,0.0,1.0
A,A,MCM,FBO,corpora,corpora,0.0,1.0
A,A,MCM,FBO,corpora,corpora,0.0,1.0
A,A,MCM,FBO,corpus,corpus,0.0,1.0
A,A,MCM,FBO,unrepresentative,unrepresentative,0.0,1.0
A,A,MCM,FBO,representative,representative,0.0,1.0
A,A,MCM,FBO,corpus,corpus,0.0,1.0
A,A,MCM,FBO,corpora,corpora,0.0,1.0
A,A,MCM,FBO,corpora,corpora,0.0,1.0
A,A,MCM,FBO,corpora,corpora,0.0,1.0
A,A,MCM,FBO,corpora,corpora,0.0,1.0
A,A,MCM,FBO,language,language,0.0,1.0
A,A,MCM,FBO,corpus,corpus,0.0,1.0
A,A,MCM,FBO,language,language,0.0,1.0
A,A,MCM,FBO,corpus,corpus,0.0,1.0
A,A,MCM,FBO,corpus,corpus,0.0,1.0
A,A,MCM,FBO,texts,texts,0.0,1.0
A,A,MCM,FBO,corpus,corpus,0.0,1.0
A,A,MCM,FBO,corpus,corpus,0.0,1.0
A,A,MCM,FBO,designing,signing,0.222,0.778
A,A,MCM,FBO,corpora,corpora,0.0,1.0
A,A,MCM,FBO,corpus,corpus,0.0,1.0
A,A,MCM,FBO,corpus,corpus,0.0,1.0
A,A,MCM,FBO,linguistics,linguistics,0.0,1.0
A,A,MCM,FBO,corpora,corpora,0.0,1.0
A,A,MCM,FBO,corpus,corpus,0.0,1.0
A,A,MCM,FBO,population definition,population definition,0.0,1.0
A,A,MCM,FBO,corpus,corpus,0.0,1.0
A,A,MCM,FBO,size,size,0.0,1.0
A,A,MCM,FBO,sampling methodology,sampling methodology,0.0,1.0
A,A,MCM,FBO,corpus,corpus,0.0,1.0
A,A,MCM,FBO,linguistics,linguistics,0.0,1.0
A,A,MCM,FBO,corpora,corpora,0.0,1.0
A,A,MCM,FBO,corpus,corpus,0.0,1.0
A,A,MCM,FBO,linguistics,linguistics,0.0,1.0
A,A,MCM,FBO,corpora,corpora,0.0,1.0
A,A,MCM,FBO,corpus,corpus,0.0,1.0
A,A,MCM,FBO,target,target,0.0,1.0
A,A,MCM,FBO,population,population,0.0,1.0
A,A,MCM,FBO,linguistic,linguistic,0.0,1.0
A,A,MCM,FBO,corpora,corpora,0.0,1.0
A,A,MCM,FBO,corpora,corpora,0.0,1.0
A,A,MCM,FBO,corpus,corpus,0.0,1.0
A,A,MCM,FBO,corpora,corpora,0.0,1.0
A,A,MCM,FBO,language,language,0.0,1.0
A,A,MCM,FBO,corpus,corpus,0.0,1.0
A,A,MCM,FBO,corpora,corpora,0.0,1.0
A,A,MCM,FBO,corpus,corpus,0.0,1.0
A,A,MCM,FBO,linguistics,linguistics,0.0,1.0
A,A,MCM,FBO,corpus,corpus,0.0,1.0
A,A,MCM,FBO,corpora,corpora,0.0,1.0
A,A,MCM,FBO,corpora,corpora,0.0,1.0
A,A,MCM,FBO,corpus,corpus,0.0,1.0
A,A,MCM,FBO,tokens,tokens,0.0,1.0
A,A,MCM,FBO,corpora,corpora,0.0,1.0
A,A,MCM,FBO,corpora,corpora,0.0,1.0
A,A,MCM,FBO,corpus,corpus,0.0,1.0
A,A,MCM,FBO,corpora,corpora,0.0,1.0
A,A,MCM,FBO,target,target,0.0,1.0
A,A,MCM,FBO,corpora,corpora,0.0,1.0
A,A,MCM,FBO,corpus,corpus,0.0,1.0
A,A,MCM,FBO,corpus,corpus,0.0,1.0
A,A,MCM,FBO,corpus,corpus,0.0,1.0
A,A,MCM,FBO,corpora,corpora,0.0,1.0
A,A,MCM,FBO,corpus,corpus,0.0,1.0
A,A,MCM,FBO,corpora,corpora,0.0,1.0
A,A,MCM,FBO,corpora,corpora,0.0,1.0
A,A,MCM,FBO,corpora,corpora,0.0,1.0
A,A,MCM,FBO,corpora,corpora,0.0,1.0
A,A,MCM,FBO,corpora,corpora,0.0,1.0
A,A,MCM,FBO,corpus,corpus,0.0,1.0
A,A,MCM,FBO,sample,sample,0.0,1.0
A,A,MCM,FBO,corpora,corpora,0.0,1.0
A,A,MCM,FBO,number of,number of,0.0,1.0
A,A,MCM,FBO,corpora,corpora,0.0,1.0
A,A,MCM,FBO,number of,number of,0.0,1.0
A,A,MCM,FBO,corpora,corpora,0.0,1.0
A,A,MCM,FBO,corpora,corpora,0.0,1.0
A,A,MCM,FBO,corpus,corpus,0.0,1.0
A,A,MCM,FBO,corpus,corpus,0.0,1.0
A,A,MCM,FBO,coding scheme,coding scheme,0.0,1.0
A,A,MCM,FBO,code,coder,0.2,0.8
A,A,MCM,FBO,coding scheme,coding scheme,0.0,1.0
A,A,MCM,FBO,coding features,coded features,0.2,0.8
A,A,MCM,FBO,corpus,corpus,0.0,1.0
A,A,MCM,FBO,domain,domain,0.0,1.0
A,A,MCM,FBO,population,population,0.0,1.0
A,A,MCM,FBO,sampling,sampling,0.0,1.0
A,A,MCM,FBO,number of texts,number of texts,0.0,1.0
A,A,MCM,FBO,tokens,tokens,0.0,1.0
A,A,MCM,FBO,timeframe,timeframe,0.0,1.0
A,A,MCM,FBO,language,language,0.0,1.0
A,A,MCM,FBO,coded,coded,0.0,1.0
A,A,MCM,FBO,coding methods,coding methods,0.0,1.0
A,A,MCM,FBO,corpus,corpus,0.0,1.0
A,A,MCM,FBO,sampled,sampled,0.0,1.0
A,A,MCM,FBO,corpus,corpus,0.0,1.0
A,A,MCM,FBO,coding scheme,coding scheme,0.0,1.0
A,A,MCM,FBO,population,population,0.0,1.0
A,A,MCM,FBO,sampling,sampling,0.0,1.0
A,A,MCM,FBO,target,target,0.0,1.0
A,A,MCM,FBO,population definition,population definition,0.0,1.0
A,A,MCM,FBO,sampling method,sampling method,0.0,1.0
A,A,MCM,FBO,corpus,corpus,0.0,1.0
A,A,MCM,FBO,size,size,0.0,1.0
A,A,MCM,FBO,number of texts and,number of texts,0.211,0.789
A,A,MCM,FBO,tokens,tokens,0.0,1.0
A,A,MCM,FBO,language,language,0.0,1.0
A,A,MCM,FBO,annotation methods,annotation methods,0.0,1.0
A,A,MCM,FBO,text length,text length,0.0,1.0
A,A,MCM,FBO,coded,coded,0.0,1.0
A,A,MCM,FBO,coders,coders,0.0,1.0
A,A,MCM,FBO,corpus,corpus,0.0,1.0
A,A,MCM,FBO,coded,coded,0.0,1.0
A,A,MCM,FBO,corpus,corpus,0.0,1.0
A,A,MCM,FBO,population definition,population definition,0.0,1.0
A,A,MCM,FBO,population,population,0.0,1.0
A,A,MCM,FBO,corpus,corpus,0.0,1.0
A,A,MCM,FBO,sampling method,sampling method,0.0,1.0
A,A,MCM,FBO,population,population,0.0,1.0
A,A,MCM,FBO,random,random,0.0,1.0
A,A,MCM,FBO,stratified,stratified,0.0,1.0
A,A,MCM,FBO,systematic,systematic,0.0,1.0
A,A,MCM,FBO,sampling,sampling,0.0,1.0
A,A,MCM,FBO,population,population,0.0,1.0
A,A,MCM,FBO,population,population,0.0,1.0
A,A,MCM,FBO,corpus,corpus,0.0,1.0
A,A,MCM,FBO,random’,random,0.143,0.857
A,A,MCM,FBO,random,random,0.0,1.0
A,A,MCM,FBO,sample,sample,0.0,1.0
A,A,MCM,FBO,population,population,0.0,1.0
A,A,MCM,FBO,stratified’,stratified,0.091,0.909
A,A,MCM,FBO,population,population,0.0,1.0
A,A,MCM,FBO,homogenous subgroups,homogenous subgroups,0.0,1.0
A,A,MCM,FBO,sampled,sampled,0.0,1.0
A,A,MCM,FBO,systematic’,systematic,0.091,0.909
A,A,MCM,FBO,population,population,0.0,1.0
A,A,MCM,FBO,sampled,sampled,0.0,1.0
A,A,MCM,FBO,convenience’,convenience’,0.0,1.0
A,A,MCM,FBO,non-probability sample,non-probability sample,0.0,1.0
A,A,MCM,FBO,population,population,0.0,1.0
A,A,MCM,FBO,sampling,sampling,0.0,1.0
A,A,MCM,FBO,sampling,sampling,0.0,1.0
A,A,MCM,FBO,sampling,sampling,0.0,1.0
A,A,MCM,FBO,sample,sample,0.0,1.0
A,A,MCM,FBO,corpus,corpus,0.0,1.0
A,A,MCM,FBO,language,language,0.0,1.0
A,A,MCM,FBO,corpus,corpus,0.0,1.0
A,A,MCM,FBO,multimodal,multimodal,0.0,1.0
A,A,MCM,FBO,number of texts,number of texts,0.0,1.0
A,A,MCM,FBO,tokens,tokens,0.0,1.0
A,A,MCM,FBO,number of word,number of words,0.067,0.933
A,A,MCM,FBO,tokens,tokens,0.0,1.0
A,A,MCM,FBO,corpus,corpus,0.0,1.0
A,A,MCM,FBO,corpus,corpus,0.0,1.0
A,A,MCM,FBO,year,years,0.2,0.8
A,A,MCM,FBO,corpus,corpus,0.0,1.0
A,A,MCM,FBO,corpus,corpus,0.0,1.0
A,A,MCM,FBO,corpus,corpus,0.0,1.0
A,A,MCM,FBO,coders,coders,0.0,1.0
A,A,MCM,FBO,coders,coders,0.0,1.0
A,A,MCM,FBO,coded,coded,0.0,1.0
A,A,MCM,FBO,coder,coder,0.0,1.0
A,A,MCM,FBO,coded,coded,0.0,1.0
A,A,MCM,FBO,reliability,reliability,0.0,1.0
A,A,MCM,FBO,coders,coders,0.0,1.0
A,A,MCM,FBO,inter-rater agreement,inter-rater agreement,0.0,1.0
A,A,MCM,FBO,sampling method,sampling method,0.0,1.0
A,A,MCM,FBO,coders,coders,0.0,1.0
A,A,MCM,FBO,corpus,corpus,0.0,1.0
A,A,MCM,FBO,corpus,corpus,0.0,1.0
A,A,MCM,FBO,corpora,corpora,0.0,1.0
A,A,MCM,FBO,corpora,corpora,0.0,1.0
A,A,MCM,FBO,sample,sample,0.0,1.0
A,A,MCM,FBO,coding,coding,0.0,1.0
A,A,MCM,FBO,number of,number of,0.0,1.0
A,A,MCM,FBO,corpora,corpora,0.0,1.0
A,A,MCM,FBO,coding,coding,0.0,1.0
A,A,MCM,FBO,population definition,population definition,0.0,1.0
A,A,MCM,FBO,language,language,0.0,1.0
A,A,MCM,FBO,counts,counts,0.0,1.0
A,A,MCM,FBO,numbers of texts,number of texts,0.062,0.938
A,A,MCM,FBO,tokens,tokens,0.0,1.0
A,A,MCM,FBO,coding categories,coding categories,0.0,1.0
A,A,MCM,FBO,population definition,population definition,0.0,1.0
A,A,MCM,FBO,corpora,corpora,0.0,1.0
A,A,MCM,FBO,population,population,0.0,1.0
A,A,MCM,FBO,sampled,sampled,0.0,1.0
A,A,MCM,FBO,size,size,0.0,1.0
A,A,MCM,FBO,corpus,corpus,0.0,1.0
A,A,MCM,FBO,date,date,0.0,1.0
A,A,MCM,FBO,corpora,corpora,0.0,1.0
A,A,MCM,FBO,sample,sample,0.0,1.0
A,A,MCM,FBO,coded features,coded features,0.0,1.0
A,A,MCM,FBO,representing,representative,0.286,0.714
A,A,MCM,FBO,corpora,corpora,0.0,1.0
A,A,MCM,FBO,corpus,corpus,0.0,1.0
A,A,MCM,FBO,sampling methodology,sampling methodology,0.0,1.0
A,A,MCM,FBO,corpora,corpora,0.0,1.0
A,A,MCM,FBO,sampling method,sampling method,0.0,1.0
A,A,MCM,FBO,corpora,corpora,0.0,1.0
A,A,MCM,FBO,sample,sample,0.0,1.0
A,A,MCM,FBO,corpora,corpora,0.0,1.0
A,A,MCM,FBO,sampling,sampling,0.0,1.0
A,A,MCM,FBO,dataset,dataset,0.0,1.0
A,A,MCM,FBO,corpora,corpora,0.0,1.0
A,A,MCM,FBO,corpus,corpus,0.0,1.0
A,A,MCM,FBO,corpora,corpora,0.0,1.0
A,A,MCM,FBO,sample,sample,0.0,1.0
A,A,MCM,FBO,data,date,0.25,0.75
A,A,MCM,FBO,data,date,0.25,0.75
A,A,MCM,FBO,source,source,0.0,1.0
A,A,MCM,FBO,corpora,corpora,0.0,1.0
A,A,MCM,FBO,corpora,corpora,0.0,1.0
A,A,MCM,FBO,sample,sample,0.0,1.0
A,A,MCM,FBO,sources,source,0.143,0.857
A,A,MCM,FBO,corpus,corpus,0.0,1.0
A,A,MCM,FBO,corpora,corpora,0.0,1.0
A,A,MCM,FBO,sample,sample,0.0,1.0
A,A,MCM,FBO,corpora,corpora,0.0,1.0
A,A,MCM,FBO,corpora,corpora,0.0,1.0
A,A,MCM,FBO,designed,signed,0.25,0.75
A,A,MCM,FBO,corpora,corpora,0.0,1.0
A,A,MCM,FBO,written texts,written texts,0.0,1.0
A,A,MCM,FBO,spoken texts,spoken texts,0.0,1.0
A,A,MCM,FBO,language,language,0.0,1.0
A,A,MCM,FBO,language,language,0.0,1.0
A,A,MCM,FBO,sampling,sampling,0.0,1.0
A,A,MCM,FBO,modes,modes,0.0,1.0
A,A,MCM,FBO,corpora,corpora,0.0,1.0
A,A,MCM,FBO,corpora,corpora,0.0,1.0
A,A,MCM,FBO,corpora,corpora,0.0,1.0
A,A,MCM,FBO,corpora,corpora,0.0,1.0
A,A,MCM,FBO,corpora,corpora,0.0,1.0
A,A,MCM,FBO,number of texts,number of texts,0.0,1.0
A,A,MCM,FBO,sample,sample,0.0,1.0
A,A,MCM,FBO,number of texts,number of texts,0.0,1.0
A,A,MCM,FBO,corpora,corpora,0.0,1.0
A,A,MCM,FBO,number of,number of,0.0,1.0
A,A,MCM,FBO,tokens,tokens,0.0,1.0
A,A,MCM,FBO,corpora,corpora,0.0,1.0
A,A,MCM,FBO,tokens,tokens,0.0,1.0
A,A,MCM,FBO,corpora,corpora,0.0,1.0
A,A,MCM,FBO,size,size,0.0,1.0
A,A,MCM,FBO,tokens,tokens,0.0,1.0
A,A,MCM,FBO,tokens,tokens,0.0,1.0
A,A,MCM,FBO,tokens,tokens,0.0,1.0
A,A,MCM,FBO,corpora,corpora,0.0,1.0
A,A,MCM,FBO,tokens,tokens,0.0,1.0
A,A,MCM,FBO,corpus,corpus,0.0,1.0
A,A,MCM,FBO,corpora,corpora,0.0,1.0
A,A,MCM,FBO,sample,sample,0.0,1.0
A,A,MCM,FBO,: number of,number of,0.182,0.818
A,A,MCM,FBO,tokens,tokens,0.0,1.0
A,A,MCM,FBO,corpora,corpora,0.0,1.0
A,A,MCM,FBO,timeframe,timeframe,0.0,1.0
A,A,MCM,FBO,text production,date of production,0.278,0.722
A,A,MCM,FBO,corpora,corpora,0.0,1.0
A,A,MCM,FBO,timeframe,timeframe,0.0,1.0
A,A,MCM,FBO,corpora,corpora,0.0,1.0
A,A,MCM,FBO,sample,sample,0.0,1.0
A,A,MCM,FBO,corpora,corpora,0.0,1.0
A,A,MCM,FBO,corpus,corpus,0.0,1.0
A,A,MCM,FBO,corpora,corpora,0.0,1.0
A,A,MCM,FBO,corpus,corpus,0.0,1.0
A,A,MCM,FBO,corpus,corpus,0.0,1.0
A,A,MCM,FBO,target population,target population,0.0,1.0
A,A,MCM,FBO,corpus,corpus,0.0,1.0
A,A,MCM,FBO,population,population,0.0,1.0
A,A,MCM,FBO,corpora,corpora,0.0,1.0
A,A,MCM,FBO,population,population,0.0,1.0
A,A,MCM,FBO,population,population,0.0,1.0
A,A,MCM,FBO,corpora,corpora,0.0,1.0
A,A,MCM,FBO,population,population,0.0,1.0
A,A,MCM,FBO,corpus,corpus,0.0,1.0
A,A,MCM,FBO,population definition,population definition,0.0,1.0
A,A,MCM,FBO,target populations,target populations,0.0,1.0
A,A,MCM,FBO,corpora,corpora,0.0,1.0
A,A,MCM,FBO,language,language,0.0,1.0
A,A,MCM,FBO,registers,register,0.111,0.889
A,A,MCM,FBO,language,language,0.0,1.0
A,A,MCM,FBO,registers,register,0.111,0.889
A,A,MCM,FBO,population definition,population definition,0.0,1.0
A,A,MCM,FBO,corpus,corpus,0.0,1.0
A,A,MCM,FBO,description,description,0.0,1.0
A,A,MCM,FBO,corpus description,corpus description,0.0,1.0
A,A,MCM,FBO,corpus,corpus,0.0,1.0
A,A,MCM,FBO,corpus description,corpus description,0.0,1.0
A,A,MCM,FBO,target,target,0.0,1.0
A,A,MCM,FBO,population,population,0.0,1.0
A,A,MCM,FBO,corpus selection,corpus selection,0.0,1.0
A,A,MCM,FBO,corpus description,corpus description,0.0,1.0
A,A,MCM,FBO,corpus,corpus,0.0,1.0
A,A,MCM,FBO,representative,representative,0.0,1.0
A,A,MCM,FBO,target,target,0.0,1.0
A,A,MCM,FBO,population,population,0.0,1.0
A,A,MCM,FBO,inclusion criteria,inclusion criteria,0.0,1.0
A,A,MCM,FBO,corpus,corpus,0.0,1.0
A,A,MCM,FBO,sampling,sampling,0.0,1.0
A,A,MCM,FBO,population,population,0.0,1.0
A,A,MCM,FBO,sampling,sampling,0.0,1.0
A,A,MCM,FBO,method,method,0.0,1.0
A,A,MCM,FBO,language,language,0.0,1.0
A,A,MCM,FBO,population definition,population definition,0.0,1.0
A,A,MCM,FBO,sample,sample,0.0,1.0
A,A,MCM,FBO,corpus,corpus,0.0,1.0
A,A,MCM,FBO,sample,sample,0.0,1.0
A,A,MCM,FBO,population definition,population definition,0.0,1.0
A,A,MCM,FBO,corpus,corpus,0.0,1.0
A,A,MCM,FBO,corpus,corpus,0.0,1.0
A,A,MCM,FBO,sampled,sampled,0.0,1.0
A,A,MCM,FBO,registers,register,0.111,0.889
A,A,MCM,FBO,population,population,0.0,1.0
A,A,MCM,FBO,generalizable,generalizable,0.0,1.0
A,A,MCM,FBO,corpus,corpus,0.0,1.0
A,A,MCM,FBO,target population,target population,0.0,1.0
A,A,MCM,FBO,corpus,corpus,0.0,1.0
A,A,MCM,FBO,population definition,population definition,0.0,1.0
A,A,MCM,FBO,sampling,sampling,0.0,1.0
A,A,MCM,FBO,corpora,corpora,0.0,1.0
A,A,MCM,FBO,designed,signed,0.25,0.75
A,A,MCM,FBO,samples,samples,0.0,1.0
A,A,MCM,FBO,target population,target population,0.0,1.0
A,A,MCM,FBO,representativeness,representativeness,0.0,1.0
A,A,MCM,FBO,sample,sample,0.0,1.0
A,A,MCM,FBO,sampling,sampling,0.0,1.0
A,A,MCM,FBO,sampling method,sampling method,0.0,1.0
A,A,MCM,FBO,sampling method,sampling method,0.0,1.0
A,A,MCM,FBO,sampling,sampling,0.0,1.0
A,A,MCM,FBO,documentation,documentation,0.0,1.0
A,A,MCM,FBO,documentation,documentation,0.0,1.0
A,A,MCM,FBO,corpus,corpus,0.0,1.0
A,A,MCM,FBO,documentation,documentation,0.0,1.0
A,A,MCM,FBO,corpus,corpus,0.0,1.0
A,A,MCM,FBO,corpora,corpora,0.0,1.0
A,A,MCM,FBO,tokens,tokens,0.0,1.0
A,A,MCM,FBO,number of texts,number of texts,0.0,1.0
A,A,MCM,FBO,date of production,date of production,0.0,1.0
A,A,MCM,FBO,corpus description,corpus description,0.0,1.0
A,A,MCM,FBO,number of texts,number of texts,0.0,1.0
A,A,MCM,FBO,number of word,number of words,0.067,0.933
A,A,MCM,FBO,tokens,tokens,0.0,1.0
A,A,MCM,FBO,corpus,corpus,0.0,1.0
A,A,MCM,FBO,linguistics,linguistics,0.0,1.0
A,A,MCM,FBO,corpus,corpus,0.0,1.0
A,A,MCM,FBO,corpora,corpora,0.0,1.0
A,A,MCM,FBO,corpus,corpus,0.0,1.0
A,A,MCM,FBO,word count,word count,0.0,1.0
A,A,MCM,FBO,population definition,population definition,0.0,1.0
A,A,MCM,FBO,population,population,0.0,1.0
A,A,MCM,FBO,population,population,0.0,1.0
A,A,MCM,FBO,sampled,sampled,0.0,1.0
A,A,MCM,FBO,population,population,0.0,1.0
A,A,MCM,FBO,data,date,0.25,0.75
A,A,MCM,FBO,corpus,corpus,0.0,1.0
A,A,MCM,FBO,corpus,corpus,0.0,1.0
A,A,MCM,FBO,sampling methodology,sampling methodology,0.0,1.0
A,A,MCM,FBO,stratification,stratification,0.0,1.0
A,A,MCM,FBO,data,date,0.25,0.75
A,A,MCM,FBO,domain,domain,0.0,1.0
A,A,MCM,FBO,corpus,corpus,0.0,1.0
A,A,MCM,FBO,corpora,corpora,0.0,1.0
A,A,MCM,FBO,corpus,corpus,0.0,1.0
A,A,MCM,FBO,linguists,linguistics,0.182,0.818
A,A,MCM,FBO,corpora,corpora,0.0,1.0
A,A,MCM,FBO,corpora,corpora,0.0,1.0
A,A,MCM,FBO,domains,domains,0.0,1.0
A,A,MCM,FBO,domains,domains,0.0,1.0
A,A,MCM,FBO,corpus,corpus,0.0,1.0
A,A,MCM,FBO,linguists,linguistics,0.182,0.818
A,A,MCM,FBO,corpus,corpus,0.0,1.0
A,A,MCM,FBO,dataset,dataset,0.0,1.0
A,A,MCM,FBO,corpus,corpus,0.0,1.0
A,A,MCM,FBO,linguists,linguistics,0.182,0.818
A,A,MCM,FBO,corpus,corpus,0.0,1.0
A,A,MCM,FBO,corpus,corpus,0.0,1.0
A,A,MCM,FBO,linguistic,linguistic,0.0,1.0
A,A,MCM,FBO,phenomenon,phenomenon,0.0,1.0
A,A,MCM,FBO,corpora,corpora,0.0,1.0
A,A,MCM,FBO,corpora,corpora,0.0,1.0
A,A,MCM,FBO,corpus,corpus,0.0,1.0
A,A,MCM,FBO,corpora,corpora,0.0,1.0
A,A,MCM,FBO,corpora,corpora,0.0,1.0
A,A,MCM,FBO,documentation,documentation,0.0,1.0
A,A,MCM,FBO,corpora,corpora,0.0,1.0
A,A,MCM,FBO,corpus,corpus,0.0,1.0
A,A,MCM,FBO,documentation,documentation,0.0,1.0
A,A,MCM,FBO,corpus,corpus,0.0,1.0
A,A,MCM,FBO,corpus,corpus,0.0,1.0
A,A,MCM,FBO,corpus,corpus,0.0,1.0
A,A,MCM,FBO,corpus,corpus,0.0,1.0
A,A,MCM,FBO,population,population,0.0,1.0
A,A,MCM,FBO,corpus,corpus,0.0,1.0
A,A,MCM,FBO,linguists,linguistics,0.182,0.818
A,A,MCM,FBO,corpus,corpus,0.0,1.0
A,A,MCM,FBO,linguistics,linguistics,0.0,1.0
A,A,MCM,FBO,documentation,documentation,0.0,1.0
A,A,MCM,FBO,corpora,corpora,0.0,1.0
A,A,MCM,FBO,corpora,corpora,0.0,1.0
A,A,MCM,FBO,corpus,corpus,0.0,1.0
A,A,MCM,FBO,linguistics,linguistics,0.0,1.0
A,A,MCM,FBO,sampling methodology,sampling methodology,0.0,1.0
A,A,MCM,FBO,corpora,corpora,0.0,1.0
A,A,MCM,FBO,corpora,corpora,0.0,1.0
A,A,MCM,FBO,sampling,sampling,0.0,1.0
A,A,MCM,FBO,random,random,0.0,1.0
A,A,MCM,FBO,systematic,systematic,0.0,1.0
A,A,MCM,FBO,samples,samples,0.0,1.0
A,A,MCM,FBO,population,population,0.0,1.0
A,A,MCM,FBO,sampling method,sampling method,0.0,1.0
A,A,MCM,FBO,stratified,stratified,0.0,1.0
A,A,MCM,FBO,samples,samples,0.0,1.0
A,A,MCM,FBO,convenience,convenience,0.0,1.0
A,A,MCM,FBO,samples,samples,0.0,1.0
A,A,MCM,FBO,sampling,sampling,0.0,1.0
A,A,MCM,FBO,corpus,corpus,0.0,1.0
A,A,MCM,FBO,representative,representative,0.0,1.0
A,A,MCM,FBO,samples,samples,0.0,1.0
A,A,MCM,FBO,corpora,corpora,0.0,1.0
A,A,MCM,FBO,samples,samples,0.0,1.0
A,A,MCM,FBO,corpora,corpora,0.0,1.0
A,A,MCM,FBO,corpora,corpora,0.0,1.0
A,A,MCM,FBO,corpora,corpora,0.0,1.0
A,A,MCM,FBO,size,size,0.0,1.0
A,A,MCM,FBO,designed,signed,0.25,0.75
A,A,MCM,FBO,corpora,corpora,0.0,1.0
A,A,MCM,FBO,samples,samples,0.0,1.0
A,A,MCM,FBO,corpora,corpora,0.0,1.0
A,A,MCM,FBO,sampling error,sampling error,0.0,1.0
A,A,MCM,FBO,corpus,corpus,0.0,1.0
A,A,MCM,FBO,corpora,corpora,0.0,1.0
A,A,MCM,FBO,corpus,corpus,0.0,1.0
A,A,MCM,FBO,corpora,corpora,0.0,1.0
A,A,MCM,FBO,size,size,0.0,1.0
A,A,MCM,FBO,sampling,sampling,0.0,1.0
A,A,MCM,FBO,sampling error,sampling error,0.0,1.0
A,A,MCM,FBO,sample,sample,0.0,1.0
A,A,MCM,FBO,corpora,corpora,0.0,1.0
A,A,MCM,FBO,documentation,documentation,0.0,1.0
A,A,MCM,FBO,documentation,documentation,0.0,1.0
A,A,MCM,FBO,corpus,corpus,0.0,1.0
A,A,MCM,FBO,corpus,corpus,0.0,1.0
A,A,MCM,FBO,corpora,corpora,0.0,1.0
A,A,MCM,FBO,corpus,corpus,0.0,1.0
A,A,MCM,FBO,corpora,corpora,0.0,1.0
A,A,MCM,FBO,tokens,tokens,0.0,1.0
A,A,MCM,FBO,corpora,corpora,0.0,1.0
A,A,MCM,FBO,tokens,tokens,0.0,1.0
A,A,MCM,FBO,corpus,corpus,0.0,1.0
A,A,MCM,FBO,data,date,0.25,0.75
A,A,MCM,FBO,tokens,tokens,0.0,1.0
A,A,MCM,FBO,corpus,corpus,0.0,1.0
A,A,MCM,FBO,linguistics,linguistics,0.0,1.0
A,A,MCM,FBO,datasets,datasets,0.0,1.0
A,A,MCM,FBO,quantitative analysis,quantitative analysis,0.0,1.0
A,A,MCM,FBO,corpora,corpora,0.0,1.0
A,A,MCM,FBO,mixed-methods,mixed-methods,0.0,1.0
A,A,MCM,FBO,approaches,approaches,0.0,1.0
A,A,MCM,FBO,corpus,corpus,0.0,1.0
A,A,MCM,FBO,linguistics,linguistics,0.0,1.0
A,A,MCM,FBO,corpora,corpora,0.0,1.0
A,A,MCM,FBO,corpora,corpora,0.0,1.0
A,A,MCM,FBO,spoken,spoken,0.0,1.0
A,A,MCM,FBO,corpora,corpora,0.0,1.0
A,A,MCM,FBO,spoken,spoken,0.0,1.0
A,A,MCM,FBO,corpora,corpora,0.0,1.0
A,A,MCM,FBO,corpora,corpora,0.0,1.0
A,A,MCM,FBO,corpus,corpus,0.0,1.0
A,A,MCM,FBO,size,size,0.0,1.0
A,A,MCM,FBO,corpora,corpora,0.0,1.0
A,A,MCM,FBO,population definition,population definition,0.0,1.0
A,A,MCM,FBO,sampling methodology,sampling methodology,0.0,1.0
A,A,MCM,FBO,corpora,corpora,0.0,1.0
A,A,MCM,FBO,corpora,corpora,0.0,1.0
A,A,MCM,FBO,corpora,corpora,0.0,1.0
A,A,MCM,FBO,corpora,corpora,0.0,1.0
A,A,MCM,FBO,corpora,corpora,0.0,1.0
A,A,MCM,FBO,sampled,sampled,0.0,1.0
A,A,MCM,FBO,corpora,corpora,0.0,1.0
A,A,MCM,FBO,compiled,compile,0.125,0.875
A,A,MCM,FBO,corpora,corpora,0.0,1.0
A,A,MCM,FBO,corpora,corpora,0.0,1.0
A,A,MCM,FBO,corpus,corpus,0.0,1.0
A,A,MCM,FBO,corpora,corpora,0.0,1.0
A,A,MCM,FBO,size,size,0.0,1.0
A,A,MCM,FBO,corpus,corpus,0.0,1.0
A,A,MCM,FBO,linguistics,linguistics,0.0,1.0
A,A,MCM,FBO,corpora,corpora,0.0,1.0
A,A,MCM,FBO,corpora,corpora,0.0,1.0
A,A,MCM,FBO,size,size,0.0,1.0
A,A,MCM,FBO,corpus,corpus,0.0,1.0
A,A,MCM,FBO,corpora,corpora,0.0,1.0
A,A,MCM,FBO,corpus,corpus,0.0,1.0
A,A,MCM,FBO,corpus,corpus,0.0,1.0
A,A,MCM,FBO,linguistics,linguistics,0.0,1.0
A,A,MCM,FBO,replicability,reliability,0.154,0.846
A,A,MCM,FBO,corpus,corpus,0.0,1.0
A,A,MCM,FBO,linguistics,linguistics,0.0,1.0
A,A,MCM,FBO,population,population,0.0,1.0
A,A,MCM,FBO,sampling,sampling,0.0,1.0
A,A,MCM,FBO,good representativeness,representativeness,0.217,0.783
A,A,MCM,FBO,sampling method,sampling method,0.0,1.0
A,A,MCM,FBO,size,size,0.0,1.0
A,A,MCM,FBO,sample,sample,0.0,1.0
A,A,MCM,FBO,corpus,corpus,0.0,1.0
A,A,MCM,FBO,domain of interest,domain of interest,0.0,1.0
A,A,MCM,FBO,corpus,corpus,0.0,1.0
A,A,MCM,FBO,linguistics distributions,linguistics distributions,0.0,1.0
A,A,MCM,FBO,language,language,0.0,1.0
A,A,MCM,FBO,documentation,documentation,0.0,1.0
A,A,MCM,FBO,representativeness,representativeness,0.0,1.0
A,A,MCM,FBO,corpora,corpora,0.0,1.0
A,A,MCM,FBO,population,population,0.0,1.0
A,A,MCM,FBO,corpus,corpus,0.0,1.0
A,A,MCM,FBO,corpus,corpus,0.0,1.0
A,A,MCM,FBO,corpus,corpus,0.0,1.0
A,A,MCM,FBO,target,target,0.0,1.0
A,A,MCM,FBO,population,population,0.0,1.0
A,A,MCM,FBO,population,population,0.0,1.0
A,A,MCM,FBO,token count,token count,0.0,1.0
A,A,MCM,FBO,corpus,corpus,0.0,1.0
A,A,MCM,FBO,text count,text count,0.0,1.0
A,A,MCM,FBO,corpus,corpus,0.0,1.0
A,A,MCM,FBO,corpus,corpus,0.0,1.0
A,A,MCM,FBO,sampling method,sampling method,0.0,1.0
A,A,MCM,FBO,compile,compile,0.0,1.0
A,A,MCM,FBO,sample,sample,0.0,1.0
A,A,MCM,FBO,population,population,0.0,1.0
A,A,MCM,FBO,random,random,0.0,1.0
A,A,MCM,FBO,systematic,systematic,0.0,1.0
A,A,MCM,FBO,sample,sample,0.0,1.0
A,A,MCM,FBO,mode,mode,0.0,1.0
A,A,MCM,FBO,language,language,0.0,1.0
A,A,MCM,FBO,variety,variety,0.0,1.0
A,A,MCM,FBO,dialect,dialect,0.0,1.0
A,A,MCM,FBO,register,register,0.0,1.0
A,A,MCM,FBO,genre,genre,0.0,1.0
A,A,MCM,FBO,corpus,corpus,0.0,1.0
A,A,MCM,FBO,coding,coding,0.0,1.0
A,A,MCM,FBO,coding,coding,0.0,1.0
A,A,MCM,FBO,coding,coding,0.0,1.0
A,A,MCM,FBO,sampling,sampling,0.0,1.0
A,A,MCM,FBO,biased,biased,0.0,1.0
A,A,MCM,FBO,inclusion criteria,inclusion criteria,0.0,1.0
A,A,MCM,FBO,corpus,corpus,0.0,1.0
A,A,MCM,FBO,corpus,corpus,0.0,1.0
A,A,MCM,FBO,biases,biases,0.0,1.0
A,A,MCM,FBO,corpus,corpus,0.0,1.0
A,A,MCM,FBO,linguistics,linguistics,0.0,1.0
A,A,MCM,FBO,corpus description,corpus description,0.0,1.0
A,A,MCM,FBO,corpus,corpus,0.0,1.0
A,A,MCM,FBO,corpus,corpus,0.0,1.0
A,A,MCM,FBO,number of texts,number of texts,0.0,1.0
A,A,MCM,FBO,corpora,corpora,0.0,1.0
A,A,MCM,FBO,code,coder,0.2,0.8
A,A,MCM,FBO,coded,coded,0.0,1.0
A,A,MCM,FBO,corpus,corpus,0.0,1.0
A,A,MCM,FBO,annotation methods,annotation methods,0.0,1.0
A,A,MCM,FBO,annotation accuracy,annotation accuracy,0.0,1.0
A,A,MCM,FBO,corpus,corpus,0.0,1.0
A,A,MCM,FBO,corpus,corpus,0.0,1.0
A,A,MCM,FBO,linguistics,linguistics,0.0,1.0
A,A,MCM,FBO,corpus,corpus,0.0,1.0
A,A,MCM,FBO,domain,domain,0.0,1.0
A,A,MCM,FBO,corpus,corpus,0.0,1.0
A,A,MCM,FBO,tokens,tokens,0.0,1.0
A,A,MCM,FBO,corpus,corpus,0.0,1.0
A,A,MCM,FBO,corpus,corpus,0.0,1.0
A,A,MCM,FBO,corpus,corpus,0.0,1.0
A,A,MCM,FBO,linguistics,linguistics,0.0,1.0
A,B,RGS,MCM,corpora,corpora,0.0,1.0
A,B,RGS,MCM,corpus design,corpus design,0.0,1.0
A,B,RGS,MCM,compilation,compilation,0.0,1.0
A,B,RGS,MCM,annotation,annotating,0.2,0.8
A,B,RGS,MCM,spoken corpora,spoken corpora,0.0,1.0
A,B,RGS,MCM,transcripts,transcripts,0.0,1.0
A,B,RGS,MCM,compilation,compilation,0.0,1.0
A,B,RGS,MCM,spoken corpora,spoken corpora,0.0,1.0
A,B,RGS,MCM,spoken corpus,spoken corpus,0.0,1.0
A,B,RGS,MCM,spoken corpus data,spoken corpus data,0.0,1.0
A,B,RGS,MCM,spoken corpora,spoken corpora,0.0,1.0
A,B,RGS,MCM,compile,compiled,0.125,0.875
A,B,RGS,MCM,corpus linguistics,spoken corpus linguistics,0.28,0.72
A,B,RGS,MCM,corpus design,corpus design,0.0,1.0
A,B,RGS,MCM,multimodal corpora,multimodal corpus,0.167,0.833
A,B,RGS,MCM,data authenticity,data authenticity,0.0,1.0
A,B,RGS,MCM,construction,construction,0.0,1.0
A,B,RGS,MCM,participant recruitment,participant recruitment,0.0,1.0
A,B,RGS,MCM,transcription,transcription,0.0,1.0
A,B,RGS,MCM,analysis,analysing,0.222,0.778
A,B,RGS,MCM,comparability,comparability,0.0,1.0
A,B,RGS,MCM,sub-sampling,sub-sampling,0.0,1.0
A,B,RGS,MCM,coding schemes,coding scheme,0.071,0.929
A,B,RGS,MCM,compilation,compilation,0.0,1.0
A,B,RGS,MCM,multimodal corpus,multimodal corpus,0.0,1.0
A,B,RGS,MCM,multimodal corpus,multimodal corpus,0.0,1.0
A,B,RGS,MCM,design,design,0.0,1.0
A,B,RGS,MCM,collection,collection,0.0,1.0
A,B,RGS,MCM,transcription,transcription,0.0,1.0
A,B,RGS,MCM,corpus compilation,corpus compilation,0.0,1.0
A,B,RGS,MCM,corpus design,corpus design,0.0,1.0
A,B,RGS,MCM,corpus,corpus,0.0,1.0
A,B,RGS,MCM,spoken corpus,spoken corpus,0.0,1.0
A,B,RGS,MCM,corpus,corpus,0.0,1.0
A,B,RGS,MCM,corpus compilation,corpus compilation,0.0,1.0
A,B,RGS,MCM,corpus design,corpus design,0.0,1.0
A,B,RGS,MCM,participant recruitment,participant recruitment,0.0,1.0
A,B,RGS,MCM,data collection,data collection,0.0,1.0
A,B,RGS,MCM,corpus design,corpus design,0.0,1.0
A,B,RGS,MCM,operational domain,operational domain,0.0,1.0
A,B,RGS,MCM,spoken corpus compilation,spoken corpus compilation,0.0,1.0
A,B,RGS,MCM,corpus compilers,corpus compilers,0.0,1.0
A,B,RGS,MCM,spoken corpus,spoken corpus,0.0,1.0
A,B,RGS,MCM,compiling,compiling,0.0,1.0
A,B,RGS,MCM,corpus,corpus,0.0,1.0
A,B,RGS,MCM,transcripts,transcripts,0.0,1.0
A,B,RGS,MCM,transcripts,transcripts,0.0,1.0
A,B,RGS,MCM,transcripts,transcripts,0.0,1.0
A,B,RGS,MCM,corpora,corpora,0.0,1.0
A,B,RGS,MCM,transcription,transcription,0.0,1.0
A,B,RGS,MCM,annotation standards,annotation standards,0.0,1.0
A,B,RGS,MCM,sampling methods,sampling methods,0.0,1.0
A,B,RGS,MCM,corpora,corpora,0.0,1.0
A,B,RGS,MCM,comparability,comparability,0.0,1.0
A,B,RGS,MCM,corpus comparability,corpus comparability,0.0,1.0
A,B,RGS,MCM,spoken corpus design,spoken corpus design,0.0,1.0
A,B,RGS,MCM,learner corpora,learner corpus,0.2,0.8
A,B,RGS,MCM,spoken learner corpora,spoken learner data,0.273,0.727
A,B,RGS,MCM,comparability,comparability,0.0,1.0
A,B,RGS,MCM,representativeness,representativeness,0.0,1.0
A,B,RGS,MCM,learner corpora,learner corpus,0.2,0.8
A,B,RGS,MCM,spoken learner corpora,spoken learner data,0.273,0.727
A,B,RGS,MCM,coding scheme,coding scheme,0.0,1.0
A,B,RGS,MCM,coding scheme,coding scheme,0.0,1.0
A,B,RGS,MCM,coding scheme,coding scheme,0.0,1.0
A,B,RGS,MCM,transcripts,transcripts,0.0,1.0
A,B,RGS,MCM,corpus design,corpus design,0.0,1.0
A,B,RGS,MCM,corpus design,corpus design,0.0,1.0
A,B,RGS,MCM,corpora,corpora,0.0,1.0
A,B,RGS,MCM,multilingual corpus,multimodal corpus,0.263,0.737
A,B,RGS,MCM,transcribing,transcribing,0.0,1.0
A,B,RGS,MCM,manual transcription,manual transcription,0.0,1.0
A,B,RGS,MCM,corpus,corpus,0.0,1.0
A,B,RGS,MCM,tokens,tokens,0.0,1.0
A,B,RGS,MCM,transcribed speech,transcribed s,0.278,0.722
A,B,RGS,MCM,(spoken) corpus linguistics,(spoken) corpus linguistics,0.0,1.0
A,B,RGS,MCM,compiling,compiling,0.0,1.0
A,B,RGS,MCM,spoken corpora,spoken corpora,0.0,1.0
A,B,RGS,MCM,spoken corpus linguistics,spoken corpus linguistics,0.0,1.0
A,B,RGS,FBO,corpora,corpora,0.0,1.0
A,B,RGS,FBO,corpus design,corpus design,0.0,1.0
A,B,RGS,FBO,compilation,compilation,0.0,1.0
A,B,RGS,FBO,annotation,annotation,0.0,1.0
A,B,RGS,FBO,spoken corpora,spoken corpora,0.0,1.0
A,B,RGS,FBO,london-lund corpus,london-lund corpus 2,0.1,0.9
A,B,RGS,FBO,transcripts,transcripts,0.0,1.0
A,B,RGS,FBO,compilation,compilation,0.0,1.0
A,B,RGS,FBO,spoken corpora,spoken corpora,0.0,1.0
A,B,RGS,FBO,corpus compilation pipeline,corpus compilation pipeline,0.0,1.0
A,B,RGS,FBO,spoken corpus,spoken corpus,0.0,1.0
A,B,RGS,FBO,british national corpus,british national corpus,0.0,1.0
A,B,RGS,FBO,mark-up schemes,mark-up schemes,0.0,1.0
A,B,RGS,FBO,international corpus of english,international corpus of english,0.0,1.0
A,B,RGS,FBO,british national corpus,british national corpus,0.0,1.0
A,B,RGS,FBO,national corpus of contemporary welsh,national corpus of contemporary welsh,0.0,1.0
A,B,RGS,FBO,london-lund corpus 2,london-lund corpus 2,0.0,1.0
A,B,RGS,FBO,spoken corpus data,spoken corpus data,0.0,1.0
A,B,RGS,FBO,spoken corpora,spoken corpora,0.0,1.0
A,B,RGS,FBO,compile,compiled,0.125,0.875
A,B,RGS,FBO,corpus linguistics,corpus linguistics,0.0,1.0
A,B,RGS,FBO,corpus design,corpus design,0.0,1.0
A,B,RGS,FBO,multimodal corpora,multimodal corpora,0.0,1.0
A,B,RGS,FBO,multilingual corpora,multilingual corpora,0.0,1.0
A,B,RGS,FBO,data authenticity,data authenticity,0.0,1.0
A,B,RGS,FBO,construction,construction,0.0,1.0
A,B,RGS,FBO,participant recruitment,participant recruitment,0.0,1.0
A,B,RGS,FBO,automated transcription,automated transcription,0.0,1.0
A,B,RGS,FBO,transcription,transcription,0.0,1.0
A,B,RGS,FBO,analysis,analysis,0.0,1.0
A,B,RGS,FBO,comparability,comparability,0.0,1.0
A,B,RGS,FBO,sub-sampling,sub-sampling,0.0,1.0
A,B,RGS,FBO,coding schemes,coding schemes,0.0,1.0
A,B,RGS,FBO,compilation,compilation,0.0,1.0
A,B,RGS,FBO,multimodal corpus,multimodal corpus,0.0,1.0
A,B,RGS,FBO,interactional features,interactional features,0.0,1.0
A,B,RGS,FBO,multimodal corpus,multimodal corpus,0.0,1.0
A,B,RGS,FBO,speech-to-text technology,speech-to-text technology,0.0,1.0
A,B,RGS,FBO,transcription,transcription,0.0,1.0
A,B,RGS,FBO,corpus compilation,corpus compilation,0.0,1.0
A,B,RGS,FBO,corpus design,corpus design,0.0,1.0
A,B,RGS,FBO,corpus,corpus,0.0,1.0
A,B,RGS,FBO,spoken corpus,spoken corpus,0.0,1.0
A,B,RGS,FBO,corpus,corpus,0.0,1.0
A,B,RGS,FBO,corpus compilation,corpus compilation,0.0,1.0
A,B,RGS,FBO,corpus design,corpus design,0.0,1.0
A,B,RGS,FBO,participant recruitment,participant recruitment,0.0,1.0
A,B,RGS,FBO,data collection,data collection,0.0,1.0
A,B,RGS,FBO,corpus design,corpus design,0.0,1.0
A,B,RGS,FBO,operational domain,operational domain,0.0,1.0
A,B,RGS,FBO,sampling frame,sampling frame,0.0,1.0
A,B,RGS,FBO,selection criteria,selection criteria,0.0,1.0
A,B,RGS,FBO,residential setting,residential setting,0.0,1.0
A,B,RGS,FBO,recruitment strategies,recruitment strategies,0.0,1.0
A,B,RGS,FBO,data collection procedure,data collection procedure,0.0,1.0
A,B,RGS,FBO,spoken corpus compilation,spoken corpus compilation,0.0,1.0
A,B,RGS,FBO,corpus compilers,corpus compilers,0.0,1.0
A,B,RGS,FBO,spoken corpus,spoken corpus,0.0,1.0
A,B,RGS,FBO,linguistically annotated corpus,linguistically annotated corpus,0.0,1.0
A,B,RGS,FBO,compiling,compiling,0.0,1.0
A,B,RGS,FBO,corpus,corpus,0.0,1.0
A,B,RGS,FBO,transcripts,transcripts,0.0,1.0
A,B,RGS,FBO,transcripts,transcripts,0.0,1.0
A,B,RGS,FBO,transcripts,transcripts,0.0,1.0
A,B,RGS,FBO,spoken british national corpus,spoken british national corpus,0.0,1.0
A,B,RGS,FBO,corpora,corpora,0.0,1.0
A,B,RGS,FBO,transcription,transcription,0.0,1.0
A,B,RGS,FBO,annotation standards,annotation standards,0.0,1.0
A,B,RGS,FBO,sampling methods,sampling methods,0.0,1.0
A,B,RGS,FBO,corpora,corpora,0.0,1.0
A,B,RGS,FBO,comparability,comparability,0.0,1.0
A,B,RGS,FBO,corpus comparability,corpus comparability,0.0,1.0
A,B,RGS,FBO,spoken corpus design,spoken corpus design,0.0,1.0
A,B,RGS,FBO,learner corpora,learner corpora,0.0,1.0
A,B,RGS,FBO,spoken learner corpora,spoken learner corpora,0.0,1.0
A,B,RGS,FBO,louvain international database of spoken english interlanguage,louvain international database of spoken english interlanguage,0.0,1.0
A,B,RGS,FBO,lindsei,lindsei,0.0,1.0
A,B,RGS,FBO,louvain corpus of native english conversation,louvain corpus of native english conversation,0.0,1.0
A,B,RGS,FBO,locnec,locnec,0.0,1.0
A,B,RGS,FBO,learner corpus research,learner corpus research,0.0,1.0
A,B,RGS,FBO,comparability,comparability,0.0,1.0
A,B,RGS,FBO,representativeness,representativeness,0.0,1.0
A,B,RGS,FBO,learner corpora,learner corpora,0.0,1.0
A,B,RGS,FBO,spoken learner corpora,spoken learner corpora,0.0,1.0
A,B,RGS,FBO,coding scheme,coding scheme,0.0,1.0
A,B,RGS,FBO,coding scheme,coding scheme,0.0,1.0
A,B,RGS,FBO,coding scheme,coding scheme,0.0,1.0
A,B,RGS,FBO,texts,texts,0.0,1.0
A,B,RGS,FBO,trinity lancaster corpus,trinity lancaster corpus,0.0,1.0
A,B,RGS,FBO,tlc,tlc,0.0,1.0
A,B,RGS,FBO,transcripts,transcripts,0.0,1.0
A,B,RGS,FBO,graded examinations in spoken english,graded examinations in spoken english,0.0,1.0
A,B,RGS,FBO,corpus design,corpus design,0.0,1.0
A,B,RGS,FBO,santa barbara corpus of spoken american english,santa barbara corpus of spoken american english,0.0,1.0
A,B,RGS,FBO,sbcsae,sbcsae,0.0,1.0
A,B,RGS,FBO,multimedia corpus of modern spoken kazakh language,multimedia corpus of modern spoken kazakh language,0.0,1.0
A,B,RGS,FBO,multicorskl,multicorskl,0.0,1.0
A,B,RGS,FBO,data collection process,data collection process,0.0,1.0
A,B,RGS,FBO,corpus design,corpus design,0.0,1.0
A,B,RGS,FBO,corpora,corpora,0.0,1.0
A,B,RGS,FBO,multilingual corpus,multilingual corpus,0.0,1.0
A,B,RGS,FBO,transcribing,transcribing,0.0,1.0
A,B,RGS,FBO,corpus transcripts,corpus transcripts,0.0,1.0
A,B,RGS,FBO,manual transcription,manual transcription,0.0,1.0
A,B,RGS,FBO,corpus,corpus,0.0,1.0
A,B,RGS,FBO,tokens,tokens,0.0,1.0
A,B,RGS,FBO,transcribed speech,transcribed speech,0.0,1.0
A,B,RGS,FBO,collection of data,collection of data,0.0,1.0
A,B,RGS,FBO,(spoken) corpus linguistics,(spoken) corpus linguistics,0.0,1.0
A,B,RGS,FBO,compiling,compiling,0.0,1.0
A,B,RGS,FBO,spoken corpora,spoken corpora,0.0,1.0
A,B,RGS,FBO,spoken corpus linguistics,spoken corpus linguistics,0.0,1.0
A,B,MCM,FBO,corpora,corpora,0.0,1.0
A,B,MCM,FBO,spoken language,spoken language,0.0,1.0
A,B,MCM,FBO,spoken corpora,spoken corpora,0.0,1.0
A,B,MCM,FBO,transcripts,transcripts,0.0,1.0
A,B,MCM,FBO,compilation,compilation,0.0,1.0
A,B,MCM,FBO,spoken corpora,spoken corpora,0.0,1.0
A,B,MCM,FBO,corpus compilation,corpus compilation,0.0,1.0
A,B,MCM,FBO,spoken corpus compilation,spoken corpus compilation,0.0,1.0
A,B,MCM,FBO,spoken texts,spoken texts,0.0,1.0
A,B,MCM,FBO,data collection,data collection,0.0,1.0
A,B,MCM,FBO,spoken corpus data,spoken corpus data,0.0,1.0
A,B,MCM,FBO,spoken corpora,spoken corpora,0.0,1.0
A,B,MCM,FBO,compiled,compiled,0.0,1.0
A,B,MCM,FBO,spoken language,spoken language,0.0,1.0
A,B,MCM,FBO,spoken corpus design,spoken corpus design,0.0,1.0
A,B,MCM,FBO,corpora,corpora,0.0,1.0
A,B,MCM,FBO,corpora,corpora,0.0,1.0
A,B,MCM,FBO,data authenticity,data authenticity,0.0,1.0
A,B,MCM,FBO,construction,construction,0.0,1.0
A,B,MCM,FBO,participant recruitment,participant recruitment,0.0,1.0
A,B,MCM,FBO,transcription,transcription,0.0,1.0
A,B,MCM,FBO,transcription,transcription,0.0,1.0
A,B,MCM,FBO,comparability,comparability,0.0,1.0
A,B,MCM,FBO,sub-sampling,sub-sampling,0.0,1.0
A,B,MCM,FBO,compilation,compilation,0.0,1.0
A,B,MCM,FBO,multimodal corpus,multimodal corpus,0.0,1.0
A,B,MCM,FBO,transcription,transcription,0.0,1.0
A,B,MCM,FBO,transcripts,transcripts,0.0,1.0
A,B,MCM,FBO,corpus compilation,corpus compilation,0.0,1.0
A,B,MCM,FBO,co-construction,construction,0.2,0.8
A,B,MCM,FBO,corpus design,corpus design,0.0,1.0
A,B,MCM,FBO,authenticity,data authenticity,0.294,0.706
A,B,MCM,FBO,corpus,corpus,0.0,1.0
A,B,MCM,FBO,compilation,compilation,0.0,1.0
A,B,MCM,FBO,corpus,corpus,0.0,1.0
A,B,MCM,FBO,representative corpus,representativeness,0.286,0.714
A,B,MCM,FBO,corpus compilation,corpus compilation,0.0,1.0
A,B,MCM,FBO,corpus design,corpus design,0.0,1.0
A,B,MCM,FBO,participant recruitment,participant recruitment,0.0,1.0
A,B,MCM,FBO,data collection,data collection,0.0,1.0
A,B,MCM,FBO,corpus design,corpus design,0.0,1.0
A,B,MCM,FBO,operational domain,operational domain,0.0,1.0
A,B,MCM,FBO,data collection,data collection,0.0,1.0
A,B,MCM,FBO,spoken corpus compilation,spoken corpus compilation,0.0,1.0
A,B,MCM,FBO,corpus compilers,corpus compilers,0.0,1.0
A,B,MCM,FBO,spoken corpus,spoken corpus,0.0,1.0
A,B,MCM,FBO,corpus,corpus,0.0,1.0
A,B,MCM,FBO,compiling,compiling,0.0,1.0
A,B,MCM,FBO,corpus,corpus,0.0,1.0
A,B,MCM,FBO,transcripts,transcripts,0.0,1.0
A,B,MCM,FBO,transcripts,transcripts,0.0,1.0
A,B,MCM,FBO,transcripts,transcripts,0.0,1.0
A,B,MCM,FBO,comparability,comparability,0.0,1.0
A,B,MCM,FBO,corpora,corpora,0.0,1.0
A,B,MCM,FBO,annotation standards,annotation standards,0.0,1.0
A,B,MCM,FBO,sampling methods,sampling methods,0.0,1.0
A,B,MCM,FBO,corpora,corpora,0.0,1.0
A,B,MCM,FBO,comparability,comparability,0.0,1.0
A,B,MCM,FBO,corpus comparability,corpus comparability,0.0,1.0
A,B,MCM,FBO,spoken corpus design,spoken corpus design,0.0,1.0
A,B,MCM,FBO,corpora,corpora,0.0,1.0
A,B,MCM,FBO,compilation,compilation,0.0,1.0
A,B,MCM,FBO,corpora,corpora,0.0,1.0
A,B,MCM,FBO,learner corpus,learner corpora,0.2,0.8
A,B,MCM,FBO,spoken learner data,spoken learner corpora,0.273,0.727
A,B,MCM,FBO,comparability,comparability,0.0,1.0
A,B,MCM,FBO,representativeness,representativeness,0.0,1.0
A,B,MCM,FBO,corpora,corpora,0.0,1.0
A,B,MCM,FBO,spoken language,spoken language,0.0,1.0
A,B,MCM,FBO,corpora,corpora,0.0,1.0
A,B,MCM,FBO,coding scheme,coding scheme,0.0,1.0
A,B,MCM,FBO,coding scheme,coding scheme,0.0,1.0
A,B,MCM,FBO,coding scheme,coding scheme,0.0,1.0
A,B,MCM,FBO,transcripts,transcripts,0.0,1.0
A,B,MCM,FBO,spoken corpus design,spoken corpus design,0.0,1.0
A,B,MCM,FBO,representation,representativeness,0.278,0.722
A,B,MCM,FBO,representation,representativeness,0.278,0.722
A,B,MCM,FBO,corpus design,corpus design,0.0,1.0
A,B,MCM,FBO,data collection,data collection,0.0,1.0
A,B,MCM,FBO,corpus design,corpus design,0.0,1.0
A,B,MCM,FBO,corpora,corpora,0.0,1.0
A,B,MCM,FBO,transcribing,transcribing,0.0,1.0
A,B,MCM,FBO,annotating,annotation,0.2,0.8
A,B,MCM,FBO,corpus,corpus,0.0,1.0
A,B,MCM,FBO,transcripts,transcripts,0.0,1.0
A,B,MCM,FBO,manual transcription,manual transcription,0.0,1.0
A,B,MCM,FBO,representation,representativeness,0.278,0.722
A,B,MCM,FBO,corpus,corpus,0.0,1.0
A,B,MCM,FBO,tokens,tokens,0.0,1.0
A,B,MCM,FBO,transcribed s,transcribed speech,0.278,0.722
A,B,MCM,FBO,(spoken) corpus linguistics,(spoken) corpus linguistics,0.0,1.0
A,B,MCM,FBO,compiling,compiling,0.0,1.0
A,B,MCM,FBO,analysing,analysis,0.222,0.778
A,B,MCM,FBO,spoken corpora,spoken corpora,0.0,1.0
A,B,MCM,FBO,spoken corpus linguistics,spoken corpus linguistics,0.0,1.0
A,C,RGS,MCM,parallel corpora,parallel corpora,0.0,1.0
A,C,RGS,MCM,corpus linguistics,corpus linguistics,0.0,1.0
A,C,RGS,MCM,parallel corpora,parallel corpora,0.0,1.0
A,C,RGS,MCM,parallel corpora,parallel corpora,0.0,1.0
A,C,RGS,MCM,corpora,corpora,0.0,1.0
A,C,RGS,MCM,parallel,parallel,0.0,1.0
A,C,RGS,MCM,corpora,corpora,0.0,1.0
A,C,RGS,MCM,corpora,corpora,0.0,1.0
A,C,RGS,MCM,corpora,corpora,0.0,1.0
A,C,RGS,MCM,comparable corpora,comparable corpora,0.0,1.0
A,C,RGS,MCM,corpora,corpora,0.0,1.0
A,C,RGS,MCM,parallel corpora,parallel corpora,0.0,1.0
A,C,RGS,MCM,corpora,corpora,0.0,1.0
A,C,RGS,MCM,parallel corpora,parallel corpora,0.0,1.0
A,C,RGS,MCM,corpora,corpora,0.0,1.0
A,C,RGS,MCM,corpora,corpora,0.0,1.0
A,C,RGS,MCM,annotation,annotation,0.0,1.0
A,C,RGS,MCM,comparable parallel corpora,comparable parallel corpora,0.0,1.0
A,C,RGS,MCM,parallel/translation-corpora,parallel/translation-corpora,0.0,1.0
A,C,RGS,MCM,sampling,sampling,0.0,1.0
A,C,RGS,MCM,corpora,corpora,0.0,1.0
A,C,RGS,MCM,corpora,corpora,0.0,1.0
A,C,RGS,MCM,parallel corpora,parallel corpora,0.0,1.0
A,C,RGS,MCM,parallel corpora,parallel corpora,0.0,1.0
A,C,RGS,MCM,comparable corpus,comparable corpus,0.0,1.0
A,C,RGS,MCM,parallel,parallel,0.0,1.0
A,C,RGS,MCM,parallel,parallel,0.0,1.0
A,C,RGS,MCM,corpora,corpora,0.0,1.0
A,C,RGS,MCM,parallel corpora,parallel corpora,0.0,1.0
A,C,RGS,MCM,comparable corpora,comparable corpora,0.0,1.0
A,C,RGS,MCM,parallel corpora,parallel corpora,0.0,1.0
A,C,RGS,MCM,parallel corpora,parallel corpora,0.0,1.0
A,C,RGS,MCM,corpora,corpora,0.0,1.0
A,C,RGS,MCM,corpus,corpus,0.0,1.0
A,C,RGS,MCM,annotation,annotation,0.0,1.0
A,C,RGS,MCM,corpora,corpora,0.0,1.0
A,C,RGS,MCM,parallel corpus,parallel corpus,0.0,1.0
A,C,RGS,MCM,parallel corpora,parallel corpora,0.0,1.0
A,C,RGS,MCM,annotation,annotation,0.0,1.0
A,C,RGS,MCM,part of speech tagging,part of speech tagging,0.0,1.0
A,C,RGS,MCM,annotation,annotation,0.0,1.0
A,C,RGS,MCM,annotation,annotation,0.0,1.0
A,C,RGS,MCM,corpora,corpora,0.0,1.0
A,C,RGS,MCM,intermodal corpus,intermodal corpus,0.0,1.0
A,C,RGS,MCM,corpora,corpora,0.0,1.0
A,C,RGS,MCM,corpora,corpora,0.0,1.0
A,C,RGS,MCM,annotating,annotating,0.0,1.0
A,C,RGS,MCM,corpora,corpora,0.0,1.0
A,C,RGS,MCM,corpora,corpora,0.0,1.0
A,C,RGS,MCM,annotation,annotation,0.0,1.0
A,C,RGS,MCM,corpus,corpus,0.0,1.0
A,C,RGS,MCM,corpora,corpora,0.0,1.0
A,C,RGS,MCM,subcorpora,subcorpora,0.0,1.0
A,C,RGS,MCM,corpora,corpora,0.0,1.0
A,C,RGS,MCM,subcorpora,subcorpora,0.0,1.0
A,C,RGS,MCM,intermodal corpus,intermodal corpus,0.0,1.0
A,C,RGS,MCM,corpora,corpora,0.0,1.0
A,C,RGS,MCM,corpora,corpora,0.0,1.0
A,C,RGS,MCM,corpora,corpora,0.0,1.0
A,C,RGS,MCM,parallel corpora,parallel corpora,0.0,1.0
A,C,RGS,MCM,comparable corpora,comparable corpora,0.0,1.0
A,C,RGS,MCM,parallel corpora,parallel corpora,0.0,1.0
A,C,RGS,MCM,parallel corpora,parallel corpora,0.0,1.0
A,C,RGS,MCM,collocation,collocation,0.0,1.0
A,C,RGS,MCM,parallel,parallel,0.0,1.0
A,C,RGS,MCM,multilingual,multilingual,0.0,1.0
A,C,RGS,MCM,comparable parallel,and comparable parallel,0.174,0.826
A,C,RGS,MCM,corpora,corpora,0.0,1.0
A,C,RGS,MCM,corpora,corpora,0.0,1.0
A,C,RGS,FBO,parallel corpora,parallel corpora,0.0,1.0
A,C,RGS,FBO,corpus linguistics,corpus linguistics,0.0,1.0
A,C,RGS,FBO,parallel corpora,parallel corpora,0.0,1.0
A,C,RGS,FBO,parallel corpora,parallel corpora,0.0,1.0
A,C,RGS,FBO,corpora,corpora,0.0,1.0
A,C,RGS,FBO,parallel,parallel,0.0,1.0
A,C,RGS,FBO,corpora,corpora,0.0,1.0
A,C,RGS,FBO,corpora,corpora,0.0,1.0
A,C,RGS,FBO,english-norwegian parallel corpus,english-norwegian parallel corpus,0.0,1.0
A,C,RGS,FBO,english-swedish parallel corpus,english-swedish parallel corpus,0.0,1.0
A,C,RGS,FBO,multilingual corpora,multilingual corpora,0.0,1.0
A,C,RGS,FBO,corpora,corpora,0.0,1.0
A,C,RGS,FBO,comparable corpora,comparable corpora,0.0,1.0
A,C,RGS,FBO,corpora,corpora,0.0,1.0
A,C,RGS,FBO,parallel corpora,parallel corpora,0.0,1.0
A,C,RGS,FBO,corpora,corpora,0.0,1.0
A,C,RGS,FBO,parallel corpora,parallel corpora,0.0,1.0
A,C,RGS,FBO,corpora,corpora,0.0,1.0
A,C,RGS,FBO,corpora,corpora,0.0,1.0
A,C,RGS,FBO,annotation,annotating,0.2,0.8
A,C,RGS,FBO,comparable parallel corpora,comparable parallel corpora,0.0,1.0
A,C,RGS,FBO,parallel/translation-corpora,parallel/translation-corpora,0.0,1.0
A,C,RGS,FBO,sampling,sampling,0.0,1.0
A,C,RGS,FBO,corpora,corpora,0.0,1.0
A,C,RGS,FBO,norwegian spanish parallel corpus,norwegian spanish parallel corpus,0.0,1.0
A,C,RGS,FBO,p-actres,p-actres,0.0,1.0
A,C,RGS,FBO,corpora,corpora,0.0,1.0
A,C,RGS,FBO,parallel corpora,parallel corpora,0.0,1.0
A,C,RGS,FBO,parallel corpora,parallel corpora,0.0,1.0
A,C,RGS,FBO,comparable corpus,comparable corpus,0.0,1.0
A,C,RGS,FBO,comparable,comparable,0.0,1.0
A,C,RGS,FBO,parallel,parallel,0.0,1.0
A,C,RGS,FBO,parallel,parallel,0.0,1.0
A,C,RGS,FBO,corpora,corpora,0.0,1.0
A,C,RGS,FBO,valencia corpus of translated literature,valencia corpus of translated literature,0.0,1.0
A,C,RGS,FBO,covalt,covalt,0.0,1.0
A,C,RGS,FBO,parallel corpora,parallel corpora,0.0,1.0
A,C,RGS,FBO,comparable corpora,comparable corpora,0.0,1.0
A,C,RGS,FBO,parallel corpora,parallel corpora,0.0,1.0
A,C,RGS,FBO,monolingual corpora,monolingual corpora,0.0,1.0
A,C,RGS,FBO,parallel corpora,parallel corpora,0.0,1.0
A,C,RGS,FBO,corpora,corpora,0.0,1.0
A,C,RGS,FBO,corpus,corpus,0.0,1.0
A,C,RGS,FBO,comparable,comparable,0.0,1.0
A,C,RGS,FBO,monolingual corpora,monolingual corpora,0.0,1.0
A,C,RGS,FBO,annotation,annotating,0.2,0.8
A,C,RGS,FBO,corpora,corpora,0.0,1.0
A,C,RGS,FBO,parallel corpus,parallel corpus,0.0,1.0
A,C,RGS,FBO,parallel corpora,parallel corpora,0.0,1.0
A,C,RGS,FBO,annotation,annotating,0.2,0.8
A,C,RGS,FBO,annotation,annotating,0.2,0.8
A,C,RGS,FBO,corpora creation,corpora creation,0.0,1.0
A,C,RGS,FBO,annotation,annotating,0.2,0.8
A,C,RGS,FBO,corpora,corpora,0.0,1.0
A,C,RGS,FBO,intermodal corpus,intermodal corpus,0.0,1.0
A,C,RGS,FBO,corpus of german-basque literary translations,corpus of german-basque literary translations,0.0,1.0
A,C,RGS,FBO,corpora,corpora,0.0,1.0
A,C,RGS,FBO,čermák,čermák,0.0,1.0
A,C,RGS,FBO,intercorp,intercorp,0.0,1.0
A,C,RGS,FBO,czech national corpus,czech national corpus,0.0,1.0
A,C,RGS,FBO,corpora,corpora,0.0,1.0
A,C,RGS,FBO,covalt,covalt,0.0,1.0
A,C,RGS,FBO,annotating,annotating,0.0,1.0
A,C,RGS,FBO,corpora,corpora,0.0,1.0
A,C,RGS,FBO,corpora,corpora,0.0,1.0
A,C,RGS,FBO,annotation,annotating,0.2,0.8
A,C,RGS,FBO,corpus,corpus,0.0,1.0
A,C,RGS,FBO,intercorp,intercorp,0.0,1.0
A,C,RGS,FBO,intercorp,intercorp,0.0,1.0
A,C,RGS,FBO,texts,texts,0.0,1.0
A,C,RGS,FBO,corpora,corpora,0.0,1.0
A,C,RGS,FBO,subcorpora,subcorpora,0.0,1.0
A,C,RGS,FBO,intercorp,intercorp,0.0,1.0
A,C,RGS,FBO,corpora,corpora,0.0,1.0
A,C,RGS,FBO,subcorpora,subcorpora,0.0,1.0
A,C,RGS,FBO,cluvi,cluvi,0.0,1.0
A,C,RGS,FBO,covalt,covalt,0.0,1.0
A,C,RGS,FBO,pest,pest,0.0,1.0
A,C,RGS,FBO,texts,texts,0.0,1.0
A,C,RGS,FBO,multimodal texts,multimodal texts,0.0,1.0
A,C,RGS,FBO,intermodal corpus,intermodal corpus,0.0,1.0
A,C,RGS,FBO,corpora,corpora,0.0,1.0
A,C,RGS,FBO,intercorp,intercorp,0.0,1.0
A,C,RGS,FBO,čermák,čermák,0.0,1.0
A,C,RGS,FBO,pages,pages,0.0,1.0
A,C,RGS,FBO,pest,pest,0.0,1.0
A,C,RGS,FBO,eptic,eptic,0.0,1.0
A,C,RGS,FBO,multinot,multinot,0.0,1.0
A,C,RGS,FBO,texts,texts,0.0,1.0
A,C,RGS,FBO,texts,texts,0.0,1.0
A,C,RGS,FBO,intercorp,intercorp,0.0,1.0
A,C,RGS,FBO,multinot,multinot,0.0,1.0
A,C,RGS,FBO,corpora,corpora,0.0,1.0
A,C,RGS,FBO,corpora,corpora,0.0,1.0
A,C,RGS,FBO,comparable,comparable,0.0,1.0
A,C,RGS,FBO,parallel corpora,parallel corpora,0.0,1.0
A,C,RGS,FBO,comparable corpora,comparable corpora,0.0,1.0
A,C,RGS,FBO,parallel corpora,parallel corpora,0.0,1.0
A,C,RGS,FBO,parallel corpora,parallel corpora,0.0,1.0
A,C,RGS,FBO,parallel,parallel,0.0,1.0
A,C,RGS,FBO,comparable,comparable,0.0,1.0
A,C,RGS,FBO,bidirectional,bidirectional,0.0,1.0
A,C,RGS,FBO,multilingual,multilingual,0.0,1.0
A,C,RGS,FBO,čermák,čermák,0.0,1.0
A,C,RGS,FBO,intermodal,intermodal,0.0,1.0
A,C,RGS,FBO,quasi-parallel,quasi-parallel,0.0,1.0
A,C,RGS,FBO,comparable parallel,comparable parallel,0.0,1.0
A,C,RGS,FBO,corpora,corpora,0.0,1.0
A,C,RGS,FBO,corpora,corpora,0.0,1.0
A,C,MCM,FBO,parallel corpora,parallel corpora,0.0,1.0
A,C,MCM,FBO,corpus linguistics,corpus linguistics,0.0,1.0
A,C,MCM,FBO,parallel corpora,parallel corpora,0.0,1.0
A,C,MCM,FBO,parallel corpora,parallel corpora,0.0,1.0
A,C,MCM,FBO,corpora,corpora,0.0,1.0
A,C,MCM,FBO,comparable and parallel corpora,comparable parallel corpora,0.129,0.871
A,C,MCM,FBO,corpora,corpora,0.0,1.0
A,C,MCM,FBO,parallel corpus,parallel corpus,0.0,1.0
A,C,MCM,FBO,parallel corpus,parallel corpus,0.0,1.0
A,C,MCM,FBO,multilingual,multilingual,0.0,1.0
A,C,MCM,FBO,corpora,corpora,0.0,1.0
A,C,MCM,FBO,corpora,corpora,0.0,1.0
A,C,MCM,FBO,corpora,corpora,0.0,1.0
A,C,MCM,FBO,parallel corpora,parallel corpora,0.0,1.0
A,C,MCM,FBO,corpora,corpora,0.0,1.0
A,C,MCM,FBO,parallel corpora,parallel corpora,0.0,1.0
A,C,MCM,FBO,corpora,corpora,0.0,1.0
A,C,MCM,FBO,corpora,corpora,0.0,1.0
A,C,MCM,FBO,annotation,annotating,0.2,0.8
A,C,MCM,FBO,comparable parallel corpora,comparable parallel corpora,0.0,1.0
A,C,MCM,FBO,parallel/translation-corpora,parallel/translation-corpora,0.0,1.0
A,C,MCM,FBO,sampling,sampling,0.0,1.0
A,C,MCM,FBO,parallel corpus,parallel corpus,0.0,1.0
A,C,MCM,FBO,corpora,corpora,0.0,1.0
A,C,MCM,FBO,parallel corpora,parallel corpora,0.0,1.0
A,C,MCM,FBO,parallel corpora,parallel corpora,0.0,1.0
A,C,MCM,FBO,comparable corpus,comparable corpus,0.0,1.0
A,C,MCM,FBO,parallel,parallel,0.0,1.0
A,C,MCM,FBO,corpora,corpora,0.0,1.0
A,C,MCM,FBO,parallel corpora,parallel corpora,0.0,1.0
A,C,MCM,FBO,comparable corpora,comparable corpora,0.0,1.0
A,C,MCM,FBO,parallel corpora,parallel corpora,0.0,1.0
A,C,MCM,FBO,parallel corpora,parallel corpora,0.0,1.0
A,C,MCM,FBO,corpora,corpora,0.0,1.0
A,C,MCM,FBO,annotations,annotating,0.182,0.818
A,C,MCM,FBO,corpora,corpora,0.0,1.0
A,C,MCM,FBO,parallel corpus,parallel corpus,0.0,1.0
A,C,MCM,FBO,corpora,corpora,0.0,1.0
A,C,MCM,FBO,parallel corpora,parallel corpora,0.0,1.0
A,C,MCM,FBO,annotation,annotating,0.2,0.8
A,C,MCM,FBO,annotation,annotating,0.2,0.8
A,C,MCM,FBO,corpora,corpora,0.0,1.0
A,C,MCM,FBO,annotation,annotating,0.2,0.8
A,C,MCM,FBO,intermodal corpus,intermodal corpus,0.0,1.0
A,C,MCM,FBO,corpus,corpus,0.0,1.0
A,C,MCM,FBO,corpora,corpora,0.0,1.0
A,C,MCM,FBO,corpora,corpora,0.0,1.0
A,C,MCM,FBO,annotating,annotating,0.0,1.0
A,C,MCM,FBO,corpora,corpora,0.0,1.0
A,C,MCM,FBO,corpora,corpora,0.0,1.0
A,C,MCM,FBO,annotation,annotating,0.2,0.8
A,C,MCM,FBO,corpus,corpus,0.0,1.0
A,C,MCM,FBO,corpora,corpora,0.0,1.0
A,C,MCM,FBO,subcorpora,subcorpora,0.0,1.0
A,C,MCM,FBO,corpora,corpora,0.0,1.0
A,C,MCM,FBO,subcorpora,subcorpora,0.0,1.0
A,C,MCM,FBO,intermodal corpus,intermodal corpus,0.0,1.0
A,C,MCM,FBO,corpora,corpora,0.0,1.0
A,C,MCM,FBO,corpora,corpora,0.0,1.0
A,C,MCM,FBO,corpora,corpora,0.0,1.0
A,C,MCM,FBO,comparable and parallel corpora,comparable parallel corpora,0.129,0.871
A,C,MCM,FBO,comparable corpora,comparable corpora,0.0,1.0
A,C,MCM,FBO,parallel corpora,parallel corpora,0.0,1.0
A,C,MCM,FBO,parallel corpora,parallel corpora,0.0,1.0
A,C,MCM,FBO,parallel corpora,parallel corpora,0.0,1.0
A,C,MCM,FBO,multilingual,multilingual,0.0,1.0
A,C,MCM,FBO,and comparable parallel,comparable parallel,0.174,0.826
A,C,MCM,FBO,corpora,corpora,0.0,1.0
A,C,MCM,FBO,corpora,corpora,0.0,1.0
B,A,RPV,FFR,corpus representativeness,representativeness,0.28,0.72
B,A,RPV,FFR,corpus sampling,corpus sampling,0.0,1.0
B,A,RPV,FFR,corpora,corpora,0.0,1.0
B,A,RPV,FFR,representativeness,representativeness,0.0,1.0
B,A,RPV,FFR,corpus,corpus,0.0,1.0
B,A,RPV,FFR,corpus linguistics,corpus linguistics,0.0,1.0
B,A,RPV,FFR,corpus design,corpus design,0.0,1.0
B,A,RPV,FFR,corpora,corpora,0.0,1.0
B,A,RPV,FFR,distributional representativeness,distributional representativeness,0.0,1.0
B,A,RPV,FFR,corpora,corpora,0.0,1.0
B,A,RPV,FFR,corpus design,corpus design,0.0,1.0
B,A,RPV,FFR,corpus,corpus,0.0,1.0
B,A,RPV,FFR,multidimensional analysis,multidimensional analysis,0.0,1.0
B,A,RPV,FFR,corpus,corpus,0.0,1.0
B,A,RPV,FFR,sampling,sampling,0.0,1.0
B,A,RPV,FFR,corpus,corpus,0.0,1.0
B,A,RPV,FFR,corpus,corpus,0.0,1.0
B,A,RPV,FFR,corpus linguistics,corpus linguistics,0.0,1.0
B,A,RPV,FFR,corpus,corpus,0.0,1.0
B,A,RPV,FFR,linguists,linguistics,0.182,0.818
B,A,RPV,FFR,corpus linguistics,corpus linguistics,0.0,1.0
B,A,RPV,FFR,corpora,corpora,0.0,1.0
B,A,RPV,FFR,corpora,corpora,0.0,1.0
B,A,RPV,FFR,corpus linguistics,corpus linguistics,0.0,1.0
B,A,RPV,FFR,corpus linguistics,corpus linguistics,0.0,1.0
B,A,RPV,FFR,corpus linguistics,corpus linguistics,0.0,1.0
B,A,RPV,FFR,corpus linguistic,corpus linguistic,0.0,1.0
B,A,RPV,FFR,corpus,corpus,0.0,1.0
B,A,RPV,FFR,corpus design,corpus design,0.0,1.0
B,A,RPV,FFR,corpus,corpus,0.0,1.0
B,A,RPV,FFR,corpora,corpora,0.0,1.0
B,A,RPV,FFR,corpus,corpus,0.0,1.0
B,A,RPV,FFR,corpora,corpora,0.0,1.0
B,A,RPV,FFR,corpora,corpora,0.0,1.0
B,A,RPV,FFR,corpora,corpora,0.0,1.0
B,A,RPV,FFR,corpora,corpora,0.0,1.0
B,A,RPV,FFR,corpus,corpus,0.0,1.0
B,A,RPV,FFR,corpora,corpora,0.0,1.0
B,A,RPV,FFR,corpora,corpora,0.0,1.0
B,A,RPV,FFR,corpus linguistics,corpus linguistics,0.0,1.0
B,A,RPV,FFR,corpus,corpus,0.0,1.0
B,A,RPV,FFR,corpus,corpus,0.0,1.0
B,A,RPV,FFR,corpus size,corpus size,0.0,1.0
B,A,RPV,FFR,corpus linguistics,corpus linguistics,0.0,1.0
B,A,RPV,FFR,corpora,corpora,0.0,1.0
B,A,RPV,FFR,corpus,corpus,0.0,1.0
B,A,RPV,FFR,corpus,corpus,0.0,1.0
B,A,RPV,FFR,corpora,corpora,0.0,1.0
B,A,RPV,FFR,corpora,corpora,0.0,1.0
B,A,RPV,FFR,corpus,corpus,0.0,1.0
B,A,RPV,FFR,corpora,corpora,0.0,1.0
B,A,RPV,FFR,corpus design,corpus design,0.0,1.0
B,A,RPV,FFR,corpora,corpora,0.0,1.0
B,A,RPV,FFR,corpora,corpora,0.0,1.0
B,A,RPV,FFR,corpus,corpus,0.0,1.0
B,A,RPV,FFR,sampling,sampling,0.0,1.0
B,A,RPV,FFR,corpus,corpus,0.0,1.0
B,A,RPV,FFR,corpora,corpora,0.0,1.0
B,A,RPV,FFR,corpora,corpora,0.0,1.0
B,A,RPV,FFR,corpora,corpora,0.0,1.0
B,A,RPV,FFR,corpora,corpora,0.0,1.0
B,A,RPV,FFR,corpora,corpora,0.0,1.0
B,A,RPV,FFR,corpora,corpora,0.0,1.0
B,A,RPV,FFR,corpus,corpus,0.0,1.0
B,A,RPV,FFR,corpora,corpora,0.0,1.0
B,A,RPV,FFR,sampling,sampling,0.0,1.0
B,A,RPV,FFR,sampling,sampling,0.0,1.0
B,A,RPV,FFR,corpus,corpus,0.0,1.0
B,A,RPV,FFR,corpus design,corpus design,0.0,1.0
B,A,RPV,FFR,corpus,corpus,0.0,1.0
B,A,RPV,FFR,corpus design,corpus design,0.0,1.0
B,A,RPV,FFR,corpus design,corpus design,0.0,1.0
B,A,RPV,FFR,corpus,corpus,0.0,1.0
B,A,RPV,FFR,sampling,sampling,0.0,1.0
B,A,RPV,FFR,corpus,corpus,0.0,1.0
B,A,RPV,FFR,corpus,corpus,0.0,1.0
B,A,RPV,FFR,corpus description,corpus description,0.0,1.0
B,A,RPV,FFR,corpora,corpora,0.0,1.0
B,A,RPV,FFR,sampling,sampling,0.0,1.0
B,A,RPV,FFR,corpora,corpora,0.0,1.0
B,A,RPV,FFR,corpus,corpus,0.0,1.0
B,A,RPV,FFR,corpus,corpus,0.0,1.0
B,A,RPV,FFR,corpus,corpus,0.0,1.0
B,A,RPV,FFR,sampling,sampling,0.0,1.0
B,A,RPV,FFR,corpus design,corpus design,0.0,1.0
B,A,RPV,FFR,sampling,sampling,0.0,1.0
B,A,RPV,FFR,sampling,sampling,0.0,1.0
B,A,RPV,FFR,sampling,sampling,0.0,1.0
B,A,RPV,FFR,sampling,sampling,0.0,1.0
B,A,RPV,FFR,representativeness,representativeness,0.0,1.0
B,A,RPV,FFR,corpus,corpus,0.0,1.0
B,A,RPV,FFR,corpus sampling,corpus sampling,0.0,1.0
B,A,RPV,FFR,sampling,sampling,0.0,1.0
B,A,RPV,FFR,representative,representativeness,0.222,0.778
B,A,RPV,FFR,representative,representativeness,0.222,0.778
B,A,RPV,FFR,sampling,sampling,0.0,1.0
B,A,RPV,FFR,corpora,corpora,0.0,1.0
B,A,RPV,FFR,sampling,sampling,0.0,1.0
B,A,RPV,FFR,sampling,sampling,0.0,1.0
B,A,RPV,FFR,corpus design,corpus design,0.0,1.0
B,A,RPV,FFR,corpus design,corpus design,0.0,1.0
B,A,RPV,FFR,corpora,corpora,0.0,1.0
B,A,RPV,FFR,corpora,corpora,0.0,1.0
B,A,RPV,FFR,corpora,corpora,0.0,1.0
B,A,RPV,FFR,corpus,corpus,0.0,1.0
B,A,RPV,FFR,tokens,tokens,0.0,1.0
B,A,RPV,FFR,corpus size,corpus size,0.0,1.0
B,A,RPV,FFR,corpora,corpora,0.0,1.0
B,A,RPV,FFR,token,tokens,0.167,0.833
B,A,RPV,FFR,tokens,tokens,0.0,1.0
B,A,RPV,FFR,corpus,corpus,0.0,1.0
B,A,RPV,FFR,corpora,corpora,0.0,1.0
B,A,RPV,FFR,corpus,corpus,0.0,1.0
B,A,RPV,FFR,corpus,corpus,0.0,1.0
B,A,RPV,FFR,corpora,corpora,0.0,1.0
B,A,RPV,FFR,corpora,corpora,0.0,1.0
B,A,RPV,FFR,corpus linguists,corpus linguists,0.0,1.0
B,A,RPV,FFR,corpora,corpora,0.0,1.0
B,A,RPV,FFR,corpus linguists,corpus linguists,0.0,1.0
B,A,RPV,FFR,corpus,corpus,0.0,1.0
B,A,RPV,FFR,corpora,corpora,0.0,1.0
B,A,RPV,FFR,corpora,corpora,0.0,1.0
B,A,RPV,FFR,corpus,corpus,0.0,1.0
B,A,RPV,FFR,corpora,corpora,0.0,1.0
B,A,RPV,FFR,corpus,corpus,0.0,1.0
B,A,RPV,FFR,corpus collection,corpus selection,0.176,0.824
B,A,RPV,FFR,corpus,corpus,0.0,1.0
B,A,RPV,FFR,corpus design,corpus design,0.0,1.0
B,A,RPV,FFR,corpus linguistics,corpus linguistics,0.0,1.0
B,A,RPV,FFR,corpus design,corpus design,0.0,1.0
B,A,RPV,FFR,corpus linguistics,corpus linguistics,0.0,1.0
B,A,RPV,FFR,corpora,corpora,0.0,1.0
B,A,RPV,FFR,corpus design,corpus design,0.0,1.0
B,A,RPV,FFR,corpus size,corpus size,0.0,1.0
B,A,RPV,FFR,sampling,sampling,0.0,1.0
B,A,RPV,FFR,corpus linguistics,corpus linguistics,0.0,1.0
B,A,RPV,FFR,corpora,corpora,0.0,1.0
B,A,RPV,FFR,corpus linguistics,corpus linguistics,0.0,1.0
B,A,RPV,FFR,corpora,corpora,0.0,1.0
B,A,RPV,FFR,corpus,corpus,0.0,1.0
B,A,RPV,FFR,corpora,corpora,0.0,1.0
B,A,RPV,FFR,subcorpora,subcorpora,0.0,1.0
B,A,RPV,FFR,corpus linguistic,corpus linguistic,0.0,1.0
B,A,RPV,FFR,corpora,corpora,0.0,1.0
B,A,RPV,FFR,‘corpus’,corpus,0.25,0.75
B,A,RPV,FFR,‘corpora’,corpora,0.222,0.778
B,A,RPV,FFR,corpus linguistics,corpus linguistics,0.0,1.0
B,A,RPV,FFR,corpus,corpus,0.0,1.0
B,A,RPV,FFR,corpora,corpora,0.0,1.0
B,A,RPV,FFR,corpora,corpora,0.0,1.0
B,A,RPV,FFR,corpus tokens,corpus tokens,0.0,1.0
B,A,RPV,FFR,corpora,corpora,0.0,1.0
B,A,RPV,FFR,corpora.,corpora,0.125,0.875
B,A,RPV,FFR,corpus,corpus,0.0,1.0
B,A,RPV,FFR,reference corpora,reference corpus,0.176,0.824
B,A,RPV,FFR,reference corpus,reference corpus,0.0,1.0
B,A,RPV,FFR,reference corpus,reference corpus,0.0,1.0
B,A,RPV,FFR,corpus,corpus,0.0,1.0
B,A,RPV,FFR,corpora,corpora,0.0,1.0
B,A,RPV,FFR,corpus,corpus,0.0,1.0
B,A,RPV,FFR,corpus linguistics,corpus linguistics,0.0,1.0
B,A,RPV,FFR,corpus linguistics,corpus linguistics,0.0,1.0
B,A,RPV,FFR,corpora,corpora,0.0,1.0
B,A,RPV,FFR,corpora,corpora,0.0,1.0
B,A,RPV,FFR,corpora,corpora,0.0,1.0
B,A,RPV,FFR,subcorpora,subcorpora,0.0,1.0
B,A,RPV,FFR,corpus,corpus,0.0,1.0
B,A,RPV,FFR,corpora,corpora,0.0,1.0
B,A,RPV,FFR,corpora,corpora,0.0,1.0
B,A,RPV,FFR,corpora,corpora,0.0,1.0
B,A,RPV,FFR,corpora,corpora,0.0,1.0
B,A,RPV,FFR,corpus,corpus,0.0,1.0
B,A,RPV,FFR,corpus,corpus,0.0,1.0
B,A,RPV,FFR,corpus,corpus,0.0,1.0
B,A,RPV,FFR,corpus,corpus,0.0,1.0
B,A,RPV,FFR,sampling,sampling,0.0,1.0
B,A,RPV,FFR,tokens,tokens,0.0,1.0
B,A,RPV,FFR,corpus,corpus,0.0,1.0
B,A,RPV,FFR,corpus,corpus,0.0,1.0
B,A,RPV,FFR,sampling,sampling,0.0,1.0
B,A,RPV,FFR,sampling,sampling,0.0,1.0
B,A,RPV,FFR,corpus,corpus,0.0,1.0
B,A,RPV,FFR,tokens,tokens,0.0,1.0
B,A,RPV,FFR,corpus,corpus,0.0,1.0
B,A,RPV,FFR,corpus,corpus,0.0,1.0
B,A,RPV,FFR,corpus,corpus,0.0,1.0
B,A,RPV,FFR,sampling,sampling,0.0,1.0
B,A,RPV,FFR,sampling,sampling,0.0,1.0
B,A,RPV,FFR,corpus,corpus,0.0,1.0
B,A,RPV,FFR,sampling,sampling,0.0,1.0
B,A,RPV,FFR,sampling,sampling,0.0,1.0
B,A,RPV,FFR,corpus,corpus,0.0,1.0
B,A,RPV,FFR,corpus,corpus,0.0,1.0
B,A,RPV,FFR,tokens,tokens,0.0,1.0
B,A,RPV,FFR,tokens,tokens,0.0,1.0
B,A,RPV,FFR,corpus,corpus,0.0,1.0
B,A,RPV,FFR,corpus,corpus,0.0,1.0
B,A,RPV,FFR,corpus,corpus,0.0,1.0
B,A,RPV,FFR,corpus,corpus,0.0,1.0
B,A,RPV,FFR,sampling,sampling,0.0,1.0
B,A,RPV,FFR,corpus,corpus,0.0,1.0
B,A,RPV,FFR,‘corpus’,corpus,0.25,0.75
B,A,RPV,FFR,‘corpora’,corpora,0.222,0.778
B,A,RPV,FFR,corpora,corpora,0.0,1.0
B,A,RPV,FFR,corpora,corpora,0.0,1.0
B,A,RPV,FFR,tokens,tokens,0.0,1.0
B,A,RPV,FFR,corpora,corpora,0.0,1.0
B,A,RPV,FFR,corpus,corpus,0.0,1.0
B,A,RPV,FFR,corpora,corpora,0.0,1.0
B,A,RPV,FFR,corpora,corpora,0.0,1.0
B,A,RPV,FFR,corpus,corpus,0.0,1.0
B,A,RPV,FFR,sampling,sampling,0.0,1.0
B,A,RPV,FFR,corpora,corpora,0.0,1.0
B,A,RPV,FFR,sampling,sampling,0.0,1.0
B,A,RPV,FFR,corpora,corpora,0.0,1.0
B,A,RPV,FFR,corpora,corpora,0.0,1.0
B,A,RPV,FFR,sampling,sampling,0.0,1.0
B,A,RPV,FFR,corpora,corpora,0.0,1.0
B,A,RPV,FFR,corpus,corpus,0.0,1.0
B,A,RPV,FFR,corpora,corpora,0.0,1.0
B,A,RPV,FFR,corpora,corpora,0.0,1.0
B,A,RPV,FFR,corpora,corpora,0.0,1.0
B,A,RPV,FFR,corpus,corpus,0.0,1.0
B,A,RPV,FFR,corpora,corpora,0.0,1.0
B,A,RPV,FFR,corpora,corpora,0.0,1.0
B,A,RPV,FFR,corpora,corpora,0.0,1.0
B,A,RPV,FFR,corpora,corpora,0.0,1.0
B,A,RPV,FFR,sampling,sampling,0.0,1.0
B,A,RPV,FFR,corpora,corpora,0.0,1.0
B,A,RPV,FFR,corpora,corpora,0.0,1.0
B,A,RPV,FFR,corpora,corpora,0.0,1.0
B,A,RPV,FFR,corpora,corpora,0.0,1.0
B,A,RPV,FFR,corpora,corpora,0.0,1.0
B,A,RPV,FFR,corpora,corpora,0.0,1.0
B,A,RPV,FFR,tokens,tokens,0.0,1.0
B,A,RPV,FFR,corpora,corpora,0.0,1.0
B,A,RPV,FFR,tokens,tokens,0.0,1.0
B,A,RPV,FFR,corpora,corpora,0.0,1.0
B,A,RPV,FFR,tokens,tokens,0.0,1.0
B,A,RPV,FFR,tokens,tokens,0.0,1.0
B,A,RPV,FFR,corpora,corpora,0.0,1.0
B,A,RPV,FFR,tokens,tokens,0.0,1.0
B,A,RPV,FFR,corpus,corpus,0.0,1.0
B,A,RPV,FFR,corpora,corpora,0.0,1.0
B,A,RPV,FFR,tokens,tokens,0.0,1.0
B,A,RPV,FFR,corpora,corpora,0.0,1.0
B,A,RPV,FFR,corpora,corpora,0.0,1.0
B,A,RPV,FFR,corpora,corpora,0.0,1.0
B,A,RPV,FFR,corpora,corpora,0.0,1.0
B,A,RPV,FFR,corpus,corpus,0.0,1.0
B,A,RPV,FFR,corpora,corpora,0.0,1.0
B,A,RPV,FFR,corpus design,corpus design,0.0,1.0
B,A,RPV,FFR,corpus design,corpus design,0.0,1.0
B,A,RPV,FFR,corpora,corpora,0.0,1.0
B,A,RPV,FFR,corpora,corpora,0.0,1.0
B,A,RPV,FFR,corpora,corpora,0.0,1.0
B,A,RPV,FFR,corpus,corpus,0.0,1.0
B,A,RPV,FFR,corpus description,corpus description,0.0,1.0
B,A,RPV,FFR,corpus,corpus,0.0,1.0
B,A,RPV,FFR,corpus descriptions,corpus descriptions,0.0,1.0
B,A,RPV,FFR,corpus,corpus,0.0,1.0
B,A,RPV,FFR,corpus,corpus,0.0,1.0
B,A,RPV,FFR,sampling,sampling,0.0,1.0
B,A,RPV,FFR,sampling,sampling,0.0,1.0
B,A,RPV,FFR,corpus sample,corpus sampling,0.2,0.8
B,A,RPV,FFR,corpus,corpus,0.0,1.0
B,A,RPV,FFR,corpus,corpus,0.0,1.0
B,A,RPV,FFR,representativeness,representativeness,0.0,1.0
B,A,RPV,FFR,sampling,sampling,0.0,1.0
B,A,RPV,FFR,sampling,sampling,0.0,1.0
B,A,RPV,FFR,sampling,sampling,0.0,1.0
B,A,RPV,FFR,sampling,sampling,0.0,1.0
B,A,RPV,FFR,corpus,corpus,0.0,1.0
B,A,RPV,FFR,corpora,corpora,0.0,1.0
B,A,RPV,FFR,tokens,tokens,0.0,1.0
B,A,RPV,FFR,corpus description,corpus description,0.0,1.0
B,A,RPV,FFR,word tokens,word tokens,0.0,1.0
B,A,RPV,FFR,corpus linguistics,corpus linguistics,0.0,1.0
B,A,RPV,FFR,corpus,corpus,0.0,1.0
B,A,RPV,FFR,corpus,corpus,0.0,1.0
B,A,RPV,FFR,corpus,corpus,0.0,1.0
B,A,RPV,FFR,sub-corpus,sub-corpus,0.0,1.0
B,A,RPV,FFR,sampling,sampling,0.0,1.0
B,A,RPV,FFR,corpus,corpus,0.0,1.0
B,A,RPV,FFR,corpora,corpora,0.0,1.0
B,A,RPV,FFR,corpus linguists,corpus linguists,0.0,1.0
B,A,RPV,FFR,corpora,corpora,0.0,1.0
B,A,RPV,FFR,corpora,corpora,0.0,1.0
B,A,RPV,FFR,corpus linguists,corpus linguists,0.0,1.0
B,A,RPV,FFR,corpus,corpus,0.0,1.0
B,A,RPV,FFR,corpus linguists,corpus linguists,0.0,1.0
B,A,RPV,FFR,corpus,corpus,0.0,1.0
B,A,RPV,FFR,subcorpus,subcorpus,0.0,1.0
B,A,RPV,FFR,corpora,corpora,0.0,1.0
B,A,RPV,FFR,corpora,corpora,0.0,1.0
B,A,RPV,FFR,corpus design,corpus design,0.0,1.0
B,A,RPV,FFR,corpora,corpora,0.0,1.0
B,A,RPV,FFR,corpora,corpora,0.0,1.0
B,A,RPV,FFR,corpora,corpora,0.0,1.0
B,A,RPV,FFR,corpus documentation,corpus documentation,0.0,1.0
B,A,RPV,FFR,corpus,corpus,0.0,1.0
B,A,RPV,FFR,corpus,corpus,0.0,1.0
B,A,RPV,FFR,corpus,corpus,0.0,1.0
B,A,RPV,FFR,corpus,corpus,0.0,1.0
B,A,RPV,FFR,corpus linguists,corpus linguists,0.0,1.0
B,A,RPV,FFR,corpus linguistics,corpus linguistics,0.0,1.0
B,A,RPV,FFR,corpora,corpora,0.0,1.0
B,A,RPV,FFR,corpora,corpora,0.0,1.0
B,A,RPV,FFR,corpus,corpus,0.0,1.0
B,A,RPV,FFR,sampling,sampling,0.0,1.0
B,A,RPV,FFR,corpora,corpora,0.0,1.0
B,A,RPV,FFR,corpora,corpora,0.0,1.0
B,A,RPV,FFR,sampling,sampling,0.0,1.0
B,A,RPV,FFR,sampling,sampling,0.0,1.0
B,A,RPV,FFR,sampling,sampling,0.0,1.0
B,A,RPV,FFR,corpus design,corpus design,0.0,1.0
B,A,RPV,FFR,corpora,corpora,0.0,1.0
B,A,RPV,FFR,corpora,corpora,0.0,1.0
B,A,RPV,FFR,corpora,corpora,0.0,1.0
B,A,RPV,FFR,corpora,corpora,0.0,1.0
B,A,RPV,FFR,corpora,corpora,0.0,1.0
B,A,RPV,FFR,corpora,corpora,0.0,1.0
B,A,RPV,FFR,sampling,sampling,0.0,1.0
B,A,RPV,FFR,corpus,corpus,0.0,1.0
B,A,RPV,FFR,corpora,corpora,0.0,1.0
B,A,RPV,FFR,sampling,sampling,0.0,1.0
B,A,RPV,FFR,sampling,sampling,0.0,1.0
B,A,RPV,FFR,corpora,corpora,0.0,1.0
B,A,RPV,FFR,corpus,corpus,0.0,1.0
B,A,RPV,FFR,corpus,corpus,0.0,1.0
B,A,RPV,FFR,corpora,corpora,0.0,1.0
B,A,RPV,FFR,corpora,corpora,0.0,1.0
B,A,RPV,FFR,corpus,corpus,0.0,1.0
B,A,RPV,FFR,corpus linguistics,corpus linguistics,0.0,1.0
B,A,RPV,FFR,corpora,corpora,0.0,1.0
B,A,RPV,FFR,corpus linguistics,corpus linguistics,0.0,1.0
B,A,RPV,FFR,corpora,corpora,0.0,1.0
B,A,RPV,FFR,corpus linguistics,corpus linguistics,0.0,1.0
B,A,RPV,FFR,corpora,corpora,0.0,1.0
B,A,RPV,FFR,sampling,sampling,0.0,1.0
B,A,RPV,FFR,corpora,corpora,0.0,1.0
B,A,RPV,FFR,corpora,corpora,0.0,1.0
B,A,RPV,FFR,corpora,corpora,0.0,1.0
B,A,RPV,FFR,corpora,corpora,0.0,1.0
B,A,RPV,FFR,corpora,corpora,0.0,1.0
B,A,RPV,FFR,corpus,corpus,0.0,1.0
B,A,RPV,FFR,corpus linguistics,corpus linguistics,0.0,1.0
B,A,RPV,FFR,corpora,corpora,0.0,1.0
B,A,RPV,FFR,corpus,corpus,0.0,1.0
B,A,RPV,FFR,corpora,corpora,0.0,1.0
B,A,RPV,FFR,corpus,corpus,0.0,1.0
B,A,RPV,FFR,corpus linguistics,corpus linguistics,0.0,1.0
B,A,RPV,FFR,corpus linguistics,corpus linguistics,0.0,1.0
B,A,RPV,FFR,sampling,sampling,0.0,1.0
B,A,RPV,FFR,representativeness,representativeness,0.0,1.0
B,A,RPV,FFR,sampling,sampling,0.0,1.0
B,A,RPV,FFR,corpus,corpus,0.0,1.0
B,A,RPV,FFR,corpus,corpus,0.0,1.0
B,A,RPV,FFR,representativeness,representativeness,0.0,1.0
B,A,RPV,FFR,corpora,corpora,0.0,1.0
B,A,RPV,FFR,corpus,corpus,0.0,1.0
B,A,RPV,FFR,corpus,corpus,0.0,1.0
B,A,RPV,FFR,corpus,corpus,0.0,1.0
B,A,RPV,FFR,corpus,corpus,0.0,1.0
B,A,RPV,FFR,corpus,corpus,0.0,1.0
B,A,RPV,FFR,corpus,corpus,0.0,1.0
B,A,RPV,FFR,corpus,corpus,0.0,1.0
B,A,RPV,FFR,corpus,corpus,0.0,1.0
B,A,RPV,FFR,corpus linguistics,corpus linguistics,0.0,1.0
B,A,RPV,FFR,corpus description,corpus description,0.0,1.0
B,A,RPV,FFR,corpus,corpus,0.0,1.0
B,A,RPV,FFR,corpus,corpus,0.0,1.0
B,A,RPV,FFR,corpora,corpora,0.0,1.0
B,A,RPV,FFR,corpus,corpus,0.0,1.0
B,A,RPV,FFR,corpus,corpus,0.0,1.0
B,A,RPV,FFR,corpus linguistics,corpus linguistics,0.0,1.0
B,A,RPV,FFR,corpus design,corpus design,0.0,1.0
B,A,RPV,FFR,corpus,corpus,0.0,1.0
B,A,RPV,FFR,tokens,tokens,0.0,1.0
B,A,RPV,FFR,corpus,corpus,0.0,1.0
B,A,RPV,FFR,corpus design,corpus design,0.0,1.0
B,A,RPV,FFR,corpus linguistics,corpus linguistics,0.0,1.0
B,A,RPV,COB,corpus representativeness,representativeness,0.28,0.72
B,A,RPV,COB,representativeness,representativeness,0.0,1.0
B,A,RPV,COB,corpus,corpus,0.0,1.0
B,A,RPV,COB,corpus linguistics,corpus linguistics,0.0,1.0
B,A,RPV,COB,corpus design,corpus design,0.0,1.0
B,A,RPV,COB,corpus design,corpus design,0.0,1.0
B,A,RPV,COB,corpus,corpus,0.0,1.0
B,A,RPV,COB,corpus,corpus,0.0,1.0
B,A,RPV,COB,sampling,sampling,0.0,1.0
B,A,RPV,COB,corpus,corpus,0.0,1.0
B,A,RPV,COB,corpus,corpus,0.0,1.0
B,A,RPV,COB,corpus linguistics,corpus linguistics,0.0,1.0
B,A,RPV,COB,corpus,corpus,0.0,1.0
B,A,RPV,COB,corpus linguistics,corpus linguistics,0.0,1.0
B,A,RPV,COB,corpus linguistics,corpus linguistics,0.0,1.0
B,A,RPV,COB,corpus linguistics,corpus linguistics,0.0,1.0
B,A,RPV,COB,corpus linguistics,corpus linguistics,0.0,1.0
B,A,RPV,COB,corpus linguistic,corpus linguistics,0.056,0.944
B,A,RPV,COB,corpus,corpus,0.0,1.0
B,A,RPV,COB,corpus design,corpus design,0.0,1.0
B,A,RPV,COB,corpus,corpus,0.0,1.0
B,A,RPV,COB,corpus,corpus,0.0,1.0
B,A,RPV,COB,corpus,corpus,0.0,1.0
B,A,RPV,COB,corpus linguistics,corpus linguistics,0.0,1.0
B,A,RPV,COB,corpus,corpus,0.0,1.0
B,A,RPV,COB,corpus,corpus,0.0,1.0
B,A,RPV,COB,corpus linguistics,corpus linguistics,0.0,1.0
B,A,RPV,COB,corpus,corpus,0.0,1.0
B,A,RPV,COB,corpus,corpus,0.0,1.0
B,A,RPV,COB,corpus,corpus,0.0,1.0
B,A,RPV,COB,corpus design,corpus design,0.0,1.0
B,A,RPV,COB,corpus,corpus,0.0,1.0
B,A,RPV,COB,sampling,sampling,0.0,1.0
B,A,RPV,COB,sample,sample,0.0,1.0
B,A,RPV,COB,corpus,corpus,0.0,1.0
B,A,RPV,COB,corpus,corpus,0.0,1.0
B,A,RPV,COB,sampling,sampling,0.0,1.0
B,A,RPV,COB,sampling,sampling,0.0,1.0
B,A,RPV,COB,corpus,corpus,0.0,1.0
B,A,RPV,COB,corpus design,corpus design,0.0,1.0
B,A,RPV,COB,corpus,corpus,0.0,1.0
B,A,RPV,COB,corpus design,corpus design,0.0,1.0
B,A,RPV,COB,corpus design,corpus design,0.0,1.0
B,A,RPV,COB,corpus,corpus,0.0,1.0
B,A,RPV,COB,sampling,sampling,0.0,1.0
B,A,RPV,COB,corpus,corpus,0.0,1.0
B,A,RPV,COB,corpus,corpus,0.0,1.0
B,A,RPV,COB,samples,samples,0.0,1.0
B,A,RPV,COB,sampling,sampling,0.0,1.0
B,A,RPV,COB,corpus,corpus,0.0,1.0
B,A,RPV,COB,corpus,corpus,0.0,1.0
B,A,RPV,COB,corpus,corpus,0.0,1.0
B,A,RPV,COB,sampling,sampling,0.0,1.0
B,A,RPV,COB,corpus design,corpus design,0.0,1.0
B,A,RPV,COB,sampling,sampling,0.0,1.0
B,A,RPV,COB,sample,sample,0.0,1.0
B,A,RPV,COB,sampled,samples,0.143,0.857
B,A,RPV,COB,sampling,sampling,0.0,1.0
B,A,RPV,COB,sampling,sampling,0.0,1.0
B,A,RPV,COB,sampling,sampling,0.0,1.0
B,A,RPV,COB,representativeness,representativeness,0.0,1.0
B,A,RPV,COB,corpus,corpus,0.0,1.0
B,A,RPV,COB,sampling,sampling,0.0,1.0
B,A,RPV,COB,representative,representativeness,0.222,0.778
B,A,RPV,COB,samples,samples,0.0,1.0
B,A,RPV,COB,representative,representativeness,0.222,0.778
B,A,RPV,COB,samples,samples,0.0,1.0
B,A,RPV,COB,sampling,sampling,0.0,1.0
B,A,RPV,COB,samples,samples,0.0,1.0
B,A,RPV,COB,sampling,sampling,0.0,1.0
B,A,RPV,COB,sampling,sampling,0.0,1.0
B,A,RPV,COB,corpus design,corpus design,0.0,1.0
B,A,RPV,COB,corpus design,corpus design,0.0,1.0
B,A,RPV,COB,corpus,corpus,0.0,1.0
B,A,RPV,COB,corpus,corpus,0.0,1.0
B,A,RPV,COB,corpus,corpus,0.0,1.0
B,A,RPV,COB,corpus,corpus,0.0,1.0
B,A,RPV,COB,corpus linguists,corpus linguistics,0.111,0.889
B,A,RPV,COB,corpus linguists,corpus linguistics,0.111,0.889
B,A,RPV,COB,corpus,corpus,0.0,1.0
B,A,RPV,COB,corpus,corpus,0.0,1.0
B,A,RPV,COB,corpus,corpus,0.0,1.0
B,A,RPV,COB,corpus,corpus,0.0,1.0
B,A,RPV,COB,corpus design,corpus design,0.0,1.0
B,A,RPV,COB,corpus linguistics,corpus linguistics,0.0,1.0
B,A,RPV,COB,corpus design,corpus design,0.0,1.0
B,A,RPV,COB,corpus linguistics,corpus linguistics,0.0,1.0
B,A,RPV,COB,corpus design,corpus design,0.0,1.0
B,A,RPV,COB,sampling,sampling,0.0,1.0
B,A,RPV,COB,corpus linguistics,corpus linguistics,0.0,1.0
B,A,RPV,COB,corpus linguistics,corpus linguistics,0.0,1.0
B,A,RPV,COB,corpus,corpus,0.0,1.0
B,A,RPV,COB,corpus linguistic,corpus linguistics,0.056,0.944
B,A,RPV,COB,‘corpus’,corpus,0.25,0.75
B,A,RPV,COB,corpus linguistics,corpus linguistics,0.0,1.0
B,A,RPV,COB,corpus,corpus,0.0,1.0
B,A,RPV,COB,corpus,corpus,0.0,1.0
B,A,RPV,COB,corpus,corpus,0.0,1.0
B,A,RPV,COB,sample,sample,0.0,1.0
B,A,RPV,COB,corpus,corpus,0.0,1.0
B,A,RPV,COB,corpus linguistics,corpus linguistics,0.0,1.0
B,A,RPV,COB,corpus linguistics,corpus linguistics,0.0,1.0
B,A,RPV,COB,corpus,corpus,0.0,1.0
B,A,RPV,COB,sample,sample,0.0,1.0
B,A,RPV,COB,corpus,corpus,0.0,1.0
B,A,RPV,COB,corpus,corpus,0.0,1.0
B,A,RPV,COB,corpus,corpus,0.0,1.0
B,A,RPV,COB,corpus,corpus,0.0,1.0
B,A,RPV,COB,sampling,sampling,0.0,1.0
B,A,RPV,COB,corpus,corpus,0.0,1.0
B,A,RPV,COB,corpus,corpus,0.0,1.0
B,A,RPV,COB,sampling,sampling,0.0,1.0
B,A,RPV,COB,sampling,sampling,0.0,1.0
B,A,RPV,COB,corpus,corpus,0.0,1.0
B,A,RPV,COB,corpus,corpus,0.0,1.0
B,A,RPV,COB,corpus,corpus,0.0,1.0
B,A,RPV,COB,corpus,corpus,0.0,1.0
B,A,RPV,COB,sampling,sampling,0.0,1.0
B,A,RPV,COB,sampling,sampling,0.0,1.0
B,A,RPV,COB,corpus,corpus,0.0,1.0
B,A,RPV,COB,sample,sample,0.0,1.0
B,A,RPV,COB,sampled,samples,0.143,0.857
B,A,RPV,COB,sample,sample,0.0,1.0
B,A,RPV,COB,sampling,sampling,0.0,1.0
B,A,RPV,COB,sampling,sampling,0.0,1.0
B,A,RPV,COB,sample,sample,0.0,1.0
B,A,RPV,COB,corpus,corpus,0.0,1.0
B,A,RPV,COB,corpus,corpus,0.0,1.0
B,A,RPV,COB,corpus,corpus,0.0,1.0
B,A,RPV,COB,corpus,corpus,0.0,1.0
B,A,RPV,COB,corpus,corpus,0.0,1.0
B,A,RPV,COB,corpus,corpus,0.0,1.0
B,A,RPV,COB,sampling,sampling,0.0,1.0
B,A,RPV,COB,corpus,corpus,0.0,1.0
B,A,RPV,COB,‘corpus’,corpus,0.25,0.75
B,A,RPV,COB,sample,sample,0.0,1.0
B,A,RPV,COB,corpus,corpus,0.0,1.0
B,A,RPV,COB,sample,sample,0.0,1.0
B,A,RPV,COB,corpus,corpus,0.0,1.0
B,A,RPV,COB,sampling,sampling,0.0,1.0
B,A,RPV,COB,sampling,sampling,0.0,1.0
B,A,RPV,COB,sampling,sampling,0.0,1.0
B,A,RPV,COB,corpus,corpus,0.0,1.0
B,A,RPV,COB,sample,sample,0.0,1.0
B,A,RPV,COB,sample,sample,0.0,1.0
B,A,RPV,COB,corpus,corpus,0.0,1.0
B,A,RPV,COB,sample,sample,0.0,1.0
B,A,RPV,COB,sampling,sampling,0.0,1.0
B,A,RPV,COB,corpus,corpus,0.0,1.0
B,A,RPV,COB,corpus,corpus,0.0,1.0
B,A,RPV,COB,corpus design,corpus design,0.0,1.0
B,A,RPV,COB,corpus design,corpus design,0.0,1.0
B,A,RPV,COB,corpus,corpus,0.0,1.0
B,A,RPV,COB,corpus,corpus,0.0,1.0
B,A,RPV,COB,corpus,corpus,0.0,1.0
B,A,RPV,COB,corpus,corpus,0.0,1.0
B,A,RPV,COB,sampling,sampling,0.0,1.0
B,A,RPV,COB,sampling,sampling,0.0,1.0
B,A,RPV,COB,corpus,corpus,0.0,1.0
B,A,RPV,COB,corpus,corpus,0.0,1.0
B,A,RPV,COB,sampled,samples,0.143,0.857
B,A,RPV,COB,representativeness,representativeness,0.0,1.0
B,A,RPV,COB,sample,sample,0.0,1.0
B,A,RPV,COB,sampling,sampling,0.0,1.0
B,A,RPV,COB,sampling,sampling,0.0,1.0
B,A,RPV,COB,sampling,sampling,0.0,1.0
B,A,RPV,COB,sampling,sampling,0.0,1.0
B,A,RPV,COB,corpus,corpus,0.0,1.0
B,A,RPV,COB,corpus linguistics,corpus linguistics,0.0,1.0
B,A,RPV,COB,corpus,corpus,0.0,1.0
B,A,RPV,COB,corpus,corpus,0.0,1.0
B,A,RPV,COB,corpus,corpus,0.0,1.0
B,A,RPV,COB,sampling,sampling,0.0,1.0
B,A,RPV,COB,corpus,corpus,0.0,1.0
B,A,RPV,COB,corpus linguists,corpus linguistics,0.111,0.889
B,A,RPV,COB,corpus linguists,corpus linguistics,0.111,0.889
B,A,RPV,COB,corpus,corpus,0.0,1.0
B,A,RPV,COB,corpus linguists,corpus linguistics,0.111,0.889
B,A,RPV,COB,corpus,corpus,0.0,1.0
B,A,RPV,COB,corpus design,corpus design,0.0,1.0
B,A,RPV,COB,corpus,corpus,0.0,1.0
B,A,RPV,COB,corpus,corpus,0.0,1.0
B,A,RPV,COB,corpus,corpus,0.0,1.0
B,A,RPV,COB,corpus,corpus,0.0,1.0
B,A,RPV,COB,corpus linguists,corpus linguistics,0.111,0.889
B,A,RPV,COB,corpus linguistics,corpus linguistics,0.0,1.0
B,A,RPV,COB,corpus,corpus,0.0,1.0
B,A,RPV,COB,sampling,sampling,0.0,1.0
B,A,RPV,COB,sampling,sampling,0.0,1.0
B,A,RPV,COB,samples,samples,0.0,1.0
B,A,RPV,COB,sampling,sampling,0.0,1.0
B,A,RPV,COB,samples,samples,0.0,1.0
B,A,RPV,COB,samples,samples,0.0,1.0
B,A,RPV,COB,sampling,sampling,0.0,1.0
B,A,RPV,COB,corpus design,corpus design,0.0,1.0
B,A,RPV,COB,compilation,population,0.273,0.727
B,A,RPV,COB,samples,samples,0.0,1.0
B,A,RPV,COB,sampling,sampling,0.0,1.0
B,A,RPV,COB,corpus,corpus,0.0,1.0
B,A,RPV,COB,sampling,sampling,0.0,1.0
B,A,RPV,COB,sampling,sampling,0.0,1.0
B,A,RPV,COB,sample,sample,0.0,1.0
B,A,RPV,COB,corpus,corpus,0.0,1.0
B,A,RPV,COB,corpus,corpus,0.0,1.0
B,A,RPV,COB,corpus,corpus,0.0,1.0
B,A,RPV,COB,corpus linguistics,corpus linguistics,0.0,1.0
B,A,RPV,COB,corpus linguistics,corpus linguistics,0.0,1.0
B,A,RPV,COB,corpus linguistics,corpus linguistics,0.0,1.0
B,A,RPV,COB,compilation,population,0.273,0.727
B,A,RPV,COB,sampling,sampling,0.0,1.0
B,A,RPV,COB,corpus,corpus,0.0,1.0
B,A,RPV,COB,corpus linguistics,corpus linguistics,0.0,1.0
B,A,RPV,COB,corpus,corpus,0.0,1.0
B,A,RPV,COB,corpus,corpus,0.0,1.0
B,A,RPV,COB,corpus linguistics,corpus linguistics,0.0,1.0
B,A,RPV,COB,corpus linguistics,corpus linguistics,0.0,1.0
B,A,RPV,COB,sampling,sampling,0.0,1.0
B,A,RPV,COB,representativeness,representativeness,0.0,1.0
B,A,RPV,COB,sampling,sampling,0.0,1.0
B,A,RPV,COB,corpus,corpus,0.0,1.0
B,A,RPV,COB,corpus,corpus,0.0,1.0
B,A,RPV,COB,representativeness,representativeness,0.0,1.0
B,A,RPV,COB,corpus,corpus,0.0,1.0
B,A,RPV,COB,corpus,corpus,0.0,1.0
B,A,RPV,COB,corpus,corpus,0.0,1.0
B,A,RPV,COB,corpus,corpus,0.0,1.0
B,A,RPV,COB,corpus,corpus,0.0,1.0
B,A,RPV,COB,corpus,corpus,0.0,1.0
B,A,RPV,COB,sample,sample,0.0,1.0
B,A,RPV,COB,corpus,corpus,0.0,1.0
B,A,RPV,COB,corpus,corpus,0.0,1.0
B,A,RPV,COB,corpus linguistics,corpus linguistics,0.0,1.0
B,A,RPV,COB,corpus,corpus,0.0,1.0
B,A,RPV,COB,corpus,corpus,0.0,1.0
B,A,RPV,COB,corpus,corpus,0.0,1.0
B,A,RPV,COB,corpus,corpus,0.0,1.0
B,A,RPV,COB,corpus linguistics,corpus linguistics,0.0,1.0
B,A,RPV,COB,corpus design,corpus design,0.0,1.0
B,A,RPV,COB,corpus,corpus,0.0,1.0
B,A,RPV,COB,corpus,corpus,0.0,1.0
B,A,RPV,COB,corpus design,corpus design,0.0,1.0
B,A,RPV,COB,corpus linguistics,corpus linguistics,0.0,1.0
B,A,FFR,COB,representativeness,representativeness,0.0,1.0
B,A,FFR,COB,corpus linguistics,corpus linguistics,0.0,1.0
B,A,FFR,COB,corpus design,corpus design,0.0,1.0
B,A,FFR,COB,corpus,corpus,0.0,1.0
B,A,FFR,COB,corpus,corpus,0.0,1.0
B,A,FFR,COB,corpus,corpus,0.0,1.0
B,A,FFR,COB,corpus,corpus,0.0,1.0
B,A,FFR,COB,corpus,corpus,0.0,1.0
B,A,FFR,COB,corpus design,corpus design,0.0,1.0
B,A,FFR,COB,sampling method,sampling method,0.0,1.0
B,A,FFR,COB,corpus,corpus,0.0,1.0
B,A,FFR,COB,corpus,corpus,0.0,1.0
B,A,FFR,COB,corpus linguistics,corpus linguistics,0.0,1.0
B,A,FFR,COB,corpus,corpus,0.0,1.0
B,A,FFR,COB,corpus linguistics,corpus linguistics,0.0,1.0
B,A,FFR,COB,corpus linguistics,corpus linguistics,0.0,1.0
B,A,FFR,COB,corpus linguistics,corpus linguistics,0.0,1.0
B,A,FFR,COB,corpus design,corpus design,0.0,1.0
B,A,FFR,COB,corpus linguistics,corpus linguistics,0.0,1.0
B,A,FFR,COB,corpus linguistic,corpus linguistics,0.056,0.944
B,A,FFR,COB,corpus design,corpus design,0.0,1.0
B,A,FFR,COB,corpus,corpus,0.0,1.0
B,A,FFR,COB,corpus linguistics,corpus linguistics,0.0,1.0
B,A,FFR,COB,corpus,corpus,0.0,1.0
B,A,FFR,COB,corpus linguistics,corpus linguistics,0.0,1.0
B,A,FFR,COB,corpus,corpus,0.0,1.0
B,A,FFR,COB,corpus design,corpus design,0.0,1.0
B,A,FFR,COB,corpus,corpus,0.0,1.0
B,A,FFR,COB,sampling method,sampling method,0.0,1.0
B,A,FFR,COB,corpus,corpus,0.0,1.0
B,A,FFR,COB,corpus,corpus,0.0,1.0
B,A,FFR,COB,corpus,corpus,0.0,1.0
B,A,FFR,COB,corpus,corpus,0.0,1.0
B,A,FFR,COB,corpus,corpus,0.0,1.0
B,A,FFR,COB,sampling methods,sampling methods,0.0,1.0
B,A,FFR,COB,corpus design,corpus design,0.0,1.0
B,A,FFR,COB,corpus design,corpus design,0.0,1.0
B,A,FFR,COB,corpus design,corpus design,0.0,1.0
B,A,FFR,COB,sampling method,sampling method,0.0,1.0
B,A,FFR,COB,corpus,corpus,0.0,1.0
B,A,FFR,COB,corpus,corpus,0.0,1.0
B,A,FFR,COB,corpus,corpus,0.0,1.0
B,A,FFR,COB,corpus,corpus,0.0,1.0
B,A,FFR,COB,corpus,corpus,0.0,1.0
B,A,FFR,COB,corpus design,corpus design,0.0,1.0
B,A,FFR,COB,sampling method,sampling method,0.0,1.0
B,A,FFR,COB,sampling methods,sampling methods,0.0,1.0
B,A,FFR,COB,sampling methods,sampling methods,0.0,1.0
B,A,FFR,COB,representativeness,representativeness,0.0,1.0
B,A,FFR,COB,corpus,corpus,0.0,1.0
B,A,FFR,COB,sampling methods,sampling methods,0.0,1.0
B,A,FFR,COB,sampling method,sampling method,0.0,1.0
B,A,FFR,COB,sampling methodology,sampling methodology,0.0,1.0
B,A,FFR,COB,corpus design,corpus design,0.0,1.0
B,A,FFR,COB,corpus design,corpus design,0.0,1.0
B,A,FFR,COB,corpus,corpus,0.0,1.0
B,A,FFR,COB,corpus,corpus,0.0,1.0
B,A,FFR,COB,corpus,corpus,0.0,1.0
B,A,FFR,COB,corpus linguists,corpus linguistics,0.111,0.889
B,A,FFR,COB,corpus linguists,corpus linguistics,0.111,0.889
B,A,FFR,COB,corpus,corpus,0.0,1.0
B,A,FFR,COB,corpus,corpus,0.0,1.0
B,A,FFR,COB,corpus,corpus,0.0,1.0
B,A,FFR,COB,corpus,corpus,0.0,1.0
B,A,FFR,COB,corpus,corpus,0.0,1.0
B,A,FFR,COB,corpus,corpus,0.0,1.0
B,A,FFR,COB,corpus,corpus,0.0,1.0
B,A,FFR,COB,corpus design,corpus design,0.0,1.0
B,A,FFR,COB,corpus linguistics,corpus linguistics,0.0,1.0
B,A,FFR,COB,corpus design,corpus design,0.0,1.0
B,A,FFR,COB,corpus linguistics,corpus linguistics,0.0,1.0
B,A,FFR,COB,corpus design,corpus design,0.0,1.0
B,A,FFR,COB,sampling methodology,sampling methodology,0.0,1.0
B,A,FFR,COB,corpus linguistics,corpus linguistics,0.0,1.0
B,A,FFR,COB,corpus linguistics,corpus linguistics,0.0,1.0
B,A,FFR,COB,corpus,corpus,0.0,1.0
B,A,FFR,COB,corpus linguistics,corpus linguistics,0.0,1.0
B,A,FFR,COB,corpus,corpus,0.0,1.0
B,A,FFR,COB,corpus linguistics,corpus linguistics,0.0,1.0
B,A,FFR,COB,corpus,corpus,0.0,1.0
B,A,FFR,COB,corpus,corpus,0.0,1.0
B,A,FFR,COB,corpus,corpus,0.0,1.0
B,A,FFR,COB,corpus,corpus,0.0,1.0
B,A,FFR,COB,corpus,corpus,0.0,1.0
B,A,FFR,COB,corpus,corpus,0.0,1.0
B,A,FFR,COB,corpus,corpus,0.0,1.0
B,A,FFR,COB,sampling method,sampling method,0.0,1.0
B,A,FFR,COB,corpus,corpus,0.0,1.0
B,A,FFR,COB,corpus,corpus,0.0,1.0
B,A,FFR,COB,corpus,corpus,0.0,1.0
B,A,FFR,COB,corpus,corpus,0.0,1.0
B,A,FFR,COB,sampling method,sampling method,0.0,1.0
B,A,FFR,COB,corpus,corpus,0.0,1.0
B,A,FFR,COB,corpus,corpus,0.0,1.0
B,A,FFR,COB,corpus,corpus,0.0,1.0
B,A,FFR,COB,corpus,corpus,0.0,1.0
B,A,FFR,COB,corpus,corpus,0.0,1.0
B,A,FFR,COB,corpus,corpus,0.0,1.0
B,A,FFR,COB,corpus,corpus,0.0,1.0
B,A,FFR,COB,corpus,corpus,0.0,1.0
B,A,FFR,COB,sampling method,sampling method,0.0,1.0
B,A,FFR,COB,corpus,corpus,0.0,1.0
B,A,FFR,COB,corpus,corpus,0.0,1.0
B,A,FFR,COB,corpus,corpus,0.0,1.0
B,A,FFR,COB,corpus,corpus,0.0,1.0
B,A,FFR,COB,sampling methodology,sampling methodology,0.0,1.0
B,A,FFR,COB,sampling method,sampling method,0.0,1.0
B,A,FFR,COB,corpus,corpus,0.0,1.0
B,A,FFR,COB,corpus,corpus,0.0,1.0
B,A,FFR,COB,corpus,corpus,0.0,1.0
B,A,FFR,COB,corpus,corpus,0.0,1.0
B,A,FFR,COB,corpus design,corpus design,0.0,1.0
B,A,FFR,COB,corpus linguistics,corpus linguistics,0.0,1.0
B,A,FFR,COB,corpus design,corpus design,0.0,1.0
B,A,FFR,COB,corpus,corpus,0.0,1.0
B,A,FFR,COB,corpus,corpus,0.0,1.0
B,A,FFR,COB,corpus,corpus,0.0,1.0
B,A,FFR,COB,corpus,corpus,0.0,1.0
B,A,FFR,COB,sampling methods,sampling methods,0.0,1.0
B,A,FFR,COB,corpus,corpus,0.0,1.0
B,A,FFR,COB,corpus,corpus,0.0,1.0
B,A,FFR,COB,corpus,corpus,0.0,1.0
B,A,FFR,COB,corpus,corpus,0.0,1.0
B,A,FFR,COB,corpus,corpus,0.0,1.0
B,A,FFR,COB,corpus,corpus,0.0,1.0
B,A,FFR,COB,representativeness,representativeness,0.0,1.0
B,A,FFR,COB,sampling method,sampling method,0.0,1.0
B,A,FFR,COB,sampling methods,sampling methods,0.0,1.0
B,A,FFR,COB,corpus,corpus,0.0,1.0
B,A,FFR,COB,corpus,corpus,0.0,1.0
B,A,FFR,COB,corpus,corpus,0.0,1.0
B,A,FFR,COB,corpus linguistics,corpus linguistics,0.0,1.0
B,A,FFR,COB,corpus,corpus,0.0,1.0
B,A,FFR,COB,corpus,corpus,0.0,1.0
B,A,FFR,COB,sampling methodology,sampling methodology,0.0,1.0
B,A,FFR,COB,corpus,corpus,0.0,1.0
B,A,FFR,COB,corpus linguists,corpus linguistics,0.111,0.889
B,A,FFR,COB,corpus linguists,corpus linguistics,0.111,0.889
B,A,FFR,COB,corpus,corpus,0.0,1.0
B,A,FFR,COB,corpus linguists,corpus linguistics,0.111,0.889
B,A,FFR,COB,corpus,corpus,0.0,1.0
B,A,FFR,COB,corpus design,corpus design,0.0,1.0
B,A,FFR,COB,corpus,corpus,0.0,1.0
B,A,FFR,COB,corpus,corpus,0.0,1.0
B,A,FFR,COB,corpus,corpus,0.0,1.0
B,A,FFR,COB,corpus,corpus,0.0,1.0
B,A,FFR,COB,corpus linguists,corpus linguistics,0.111,0.889
B,A,FFR,COB,corpus linguistics,corpus linguistics,0.0,1.0
B,A,FFR,COB,corpus linguistics,corpus linguistics,0.0,1.0
B,A,FFR,COB,sampling methodology,sampling methodology,0.0,1.0
B,A,FFR,COB,sampling method,sampling method,0.0,1.0
B,A,FFR,COB,corpus design,corpus design,0.0,1.0
B,A,FFR,COB,corpus,corpus,0.0,1.0
B,A,FFR,COB,corpus,corpus,0.0,1.0
B,A,FFR,COB,corpus,corpus,0.0,1.0
B,A,FFR,COB,corpus,corpus,0.0,1.0
B,A,FFR,COB,corpus,corpus,0.0,1.0
B,A,FFR,COB,corpus linguistics,corpus linguistics,0.0,1.0
B,A,FFR,COB,corpus,corpus,0.0,1.0
B,A,FFR,COB,corpus linguistics,corpus linguistics,0.0,1.0
B,A,FFR,COB,corpus linguistics,corpus linguistics,0.0,1.0
B,A,FFR,COB,sampling methodology,sampling methodology,0.0,1.0
B,A,FFR,COB,corpus linguistics,corpus linguistics,0.0,1.0
B,A,FFR,COB,corpus,corpus,0.0,1.0
B,A,FFR,COB,corpus linguistics,corpus linguistics,0.0,1.0
B,A,FFR,COB,corpus linguistics,corpus linguistics,0.0,1.0
B,A,FFR,COB,representativeness,representativeness,0.0,1.0
B,A,FFR,COB,sampling method,sampling method,0.0,1.0
B,A,FFR,COB,corpus,corpus,0.0,1.0
B,A,FFR,COB,corpus,corpus,0.0,1.0
B,A,FFR,COB,representativeness,representativeness,0.0,1.0
B,A,FFR,COB,corpus,corpus,0.0,1.0
B,A,FFR,COB,corpus,corpus,0.0,1.0
B,A,FFR,COB,corpus,corpus,0.0,1.0
B,A,FFR,COB,corpus,corpus,0.0,1.0
B,A,FFR,COB,corpus,corpus,0.0,1.0
B,A,FFR,COB,corpus,corpus,0.0,1.0
B,A,FFR,COB,sampling,sampling,0.0,1.0
B,A,FFR,COB,method,method,0.0,1.0
B,A,FFR,COB,corpus,corpus,0.0,1.0
B,A,FFR,COB,corpus linguistics,corpus linguistics,0.0,1.0
B,A,FFR,COB,corpus,corpus,0.0,1.0
B,A,FFR,COB,corpus design,corpus design,0.0,1.0
B,A,FFR,COB,corpus,corpus,0.0,1.0
B,A,FFR,COB,corpus linguistics,corpus linguistics,0.0,1.0
B,A,FFR,COB,corpus design,corpus design,0.0,1.0
B,A,FFR,COB,corpus,corpus,0.0,1.0
B,A,FFR,COB,corpus design,corpus design,0.0,1.0
B,A,FFR,COB,corpus linguistics,corpus linguistics,0.0,1.0
B,B,RPV,FFR,corpora,corpora,0.0,1.0
B,B,RPV,FFR,corpus design,corpus design,0.0,1.0
B,B,RPV,FFR,analysis,analysis,0.0,1.0
B,B,RPV,FFR,spoken corpora,spoken corpora,0.0,1.0
B,B,RPV,FFR,spoken corpora,spoken corpora,0.0,1.0
B,B,RPV,FFR,corpus compilation,corpus compilation,0.0,1.0
B,B,RPV,FFR,corpus compilation,corpus compilation,0.0,1.0
B,B,RPV,FFR,part-of-speech taggers,part-of-speech taggers,0.0,1.0
B,B,RPV,FFR,spoken corpora,spoken corpora,0.0,1.0
B,B,RPV,FFR,corpus linguistics,corpus linguistics,0.0,1.0
B,B,RPV,FFR,multilingual corpora,multilingual corpora,0.0,1.0
B,B,RPV,FFR,data authenticity,data authenticity,0.0,1.0
B,B,RPV,FFR,construction,construction,0.0,1.0
B,B,RPV,FFR,analysis,analysis,0.0,1.0
B,B,RPV,FFR,multimodal corpus,multimodal corpus,0.0,1.0
B,B,RPV,FFR,multimodal corpus construction,multimodal corpus construction,0.0,1.0
B,B,RPV,FFR,design,design,0.0,1.0
B,B,RPV,FFR,corpus compilation,corpus compilation,0.0,1.0
B,B,RPV,FFR,corpus design,corpus design,0.0,1.0
B,B,RPV,FFR,corpus,corpus,0.0,1.0
B,B,RPV,FFR,design,design,0.0,1.0
B,B,RPV,FFR,spoken corpus,spoken corpus,0.0,1.0
B,B,RPV,FFR,corpus,corpus,0.0,1.0
B,B,RPV,FFR,corpus,corpus,0.0,1.0
B,B,RPV,FFR,corpus compilation,corpus compilation,0.0,1.0
B,B,RPV,FFR,corpus design,corpus design,0.0,1.0
B,B,RPV,FFR,corpus design,corpus design,0.0,1.0
B,B,RPV,FFR,corpus compilation,corpus compilation,0.0,1.0
B,B,RPV,FFR,corpus compilers,corpus compilers,0.0,1.0
B,B,RPV,FFR,spoken corpus,spoken corpus,0.0,1.0
B,B,RPV,FFR,corpus,corpus,0.0,1.0
B,B,RPV,FFR,corpus,corpus,0.0,1.0
B,B,RPV,FFR,corpora,corpora,0.0,1.0
B,B,RPV,FFR,corpora,corpora,0.0,1.0
B,B,RPV,FFR,corpus comparability,corpus comparability,0.0,1.0
B,B,RPV,FFR,corpus,corpus,0.0,1.0
B,B,RPV,FFR,corpus design,corpus design,0.0,1.0
B,B,RPV,FFR,corpora,corpora,0.0,1.0
B,B,RPV,FFR,corpora,corpora,0.0,1.0
B,B,RPV,FFR,corpora,corpora,0.0,1.0
B,B,RPV,FFR,corpus design,corpus design,0.0,1.0
B,B,RPV,FFR,corpus design,corpus design,0.0,1.0
B,B,RPV,FFR,corpus design,corpus design,0.0,1.0
B,B,RPV,FFR,design,design,0.0,1.0
B,B,RPV,FFR,construction,construction,0.0,1.0
B,B,RPV,FFR,multilingual corpus,multilingual corpus,0.0,1.0
B,B,RPV,FFR,corpus,corpus,0.0,1.0
B,B,RPV,FFR,corpus linguistics,corpus linguistics,0.0,1.0
B,B,RPV,FFR,spoken corpus linguistics,spoken corpus linguistics,0.0,1.0
B,B,RPV,COB,corpus design,corpus design,0.0,1.0
B,B,RPV,COB,compilation,compilation,0.0,1.0
B,B,RPV,COB,annotation,annotation,0.0,1.0
B,B,RPV,COB,corpus compilation,corpus compilation,0.0,1.0
B,B,RPV,COB,corpus compilation,corpus compilation,0.0,1.0
B,B,RPV,COB,compilation,compilation,0.0,1.0
B,B,RPV,COB,annotation,annotation,0.0,1.0
B,B,RPV,COB,corpus compilation,corpus compilation,0.0,1.0
B,B,RPV,COB,corpus design,corpus design,0.0,1.0
B,B,RPV,COB,corpus,corpus,0.0,1.0
B,B,RPV,COB,compilation,compilation,0.0,1.0
B,B,RPV,COB,corpus,corpus,0.0,1.0
B,B,RPV,COB,corpus,corpus,0.0,1.0
B,B,RPV,COB,corpus compilation,corpus compilation,0.0,1.0
B,B,RPV,COB,corpus design,corpus design,0.0,1.0
B,B,RPV,COB,corpus design,corpus design,0.0,1.0
B,B,RPV,COB,corpus compilation,corpus compilation,0.0,1.0
B,B,RPV,COB,corpus compilers,corpus compilation,0.278,0.722
B,B,RPV,COB,corpus,corpus,0.0,1.0
B,B,RPV,COB,corpus,corpus,0.0,1.0
B,B,RPV,COB,corpus,corpus,0.0,1.0
B,B,RPV,COB,corpus design,corpus design,0.0,1.0
B,B,RPV,COB,corpus design,corpus design,0.0,1.0
B,B,RPV,COB,corpus design,corpus design,0.0,1.0
B,B,RPV,COB,corpus design,corpus design,0.0,1.0
B,B,RPV,COB,annotating,annotation,0.2,0.8
B,B,RPV,COB,corpus,corpus,0.0,1.0
B,B,RPV,COB,annotation,annotation,0.0,1.0
B,B,FFR,COB,corpus,corpus,0.0,1.0
B,B,FFR,COB,corpus compilation,corpus compilation,0.0,1.0
B,B,FFR,COB,spoken corpus compilation,corpus compilation,0.28,0.72
B,B,FFR,COB,corpus,corpus,0.0,1.0
B,B,FFR,COB,corpus,corpus,0.0,1.0
B,B,FFR,COB,corpus,corpus,0.0,1.0
B,B,FFR,COB,corpus,corpus,0.0,1.0
B,B,FFR,COB,corpus compilation,corpus compilation,0.0,1.0
B,B,FFR,COB,corpus design,corpus design,0.0,1.0
B,B,FFR,COB,corpus,corpus,0.0,1.0
B,B,FFR,COB,corpus,corpus,0.0,1.0
B,B,FFR,COB,corpus compilation,corpus compilation,0.0,1.0
B,B,FFR,COB,corpus design,corpus design,0.0,1.0
B,B,FFR,COB,corpus design,corpus design,0.0,1.0
B,B,FFR,COB,spoken corpus compilation,corpus compilation,0.28,0.72
B,B,FFR,COB,corpus compilers,corpus compilation,0.278,0.722
B,B,FFR,COB,corpus,corpus,0.0,1.0
B,B,FFR,COB,corpus,corpus,0.0,1.0
B,B,FFR,COB,corpus,corpus,0.0,1.0
B,B,FFR,COB,corpus,corpus,0.0,1.0
B,B,FFR,COB,corpus design,corpus design,0.0,1.0
B,B,FFR,COB,corpus,corpus,0.0,1.0
B,B,FFR,COB,corpus,corpus,0.0,1.0
B,B,FFR,COB,corpus design,corpus design,0.0,1.0
B,B,FFR,COB,corpus,corpus,0.0,1.0
B,B,FFR,COB,corpus,corpus,0.0,1.0
B,B,FFR,COB,corpus design,corpus design,0.0,1.0
B,B,FFR,COB,corpus,corpus,0.0,1.0
B,C,RPV,FFR,parallel corpora,parallel corpora,0.0,1.0
B,C,RPV,FFR,corpus linguistics,corpus linguistics,0.0,1.0
B,C,RPV,FFR,parallel corpora,parallel corpora,0.0,1.0
B,C,RPV,FFR,parallel corpora,parallel corpora,0.0,1.0
B,C,RPV,FFR,corpora,corpora,0.0,1.0
B,C,RPV,FFR,corpora,corpora,0.0,1.0
B,C,RPV,FFR,corpora,corpora,0.0,1.0
B,C,RPV,FFR,multilingual corpora,multilingual corpora,0.0,1.0
B,C,RPV,FFR,corpora,corpora,0.0,1.0
B,C,RPV,FFR,comparable corpora,comparable corpora,0.0,1.0
B,C,RPV,FFR,corpora,corpora,0.0,1.0
B,C,RPV,FFR,parallel corpora,parallel corpora,0.0,1.0
B,C,RPV,FFR,corpora,corpora,0.0,1.0
B,C,RPV,FFR,parallel corpora,parallel corpora,0.0,1.0
B,C,RPV,FFR,corpora,corpora,0.0,1.0
B,C,RPV,FFR,comparable parallel corpora,comparable parallel corpora,0.0,1.0
B,C,RPV,FFR,corpora,corpora,0.0,1.0
B,C,RPV,FFR,corpora,corpora,0.0,1.0
B,C,RPV,FFR,parallel corpora,parallel corpora,0.0,1.0
B,C,RPV,FFR,parallel corpora,parallel corpora,0.0,1.0
B,C,RPV,FFR,comparable corpus,comparable corpus,0.0,1.0
B,C,RPV,FFR,corpora,corpora,0.0,1.0
B,C,RPV,FFR,parallel corpora,parallel corpora,0.0,1.0
B,C,RPV,FFR,comparable corpora,comparable corpora,0.0,1.0
B,C,RPV,FFR,parallel corpora,parallel corpora,0.0,1.0
B,C,RPV,FFR,monolingual corpora,multilingual corpora,0.2,0.8
B,C,RPV,FFR,parallel corpora,parallel corpora,0.0,1.0
B,C,RPV,FFR,corpora,corpora,0.0,1.0
B,C,RPV,FFR,monolingual corpora,multilingual corpora,0.2,0.8
B,C,RPV,FFR,corpora,corpora,0.0,1.0
B,C,RPV,FFR,parallel corpora,parallel corpora,0.0,1.0
B,C,RPV,FFR,corpora,corpora,0.0,1.0
B,C,RPV,FFR,intermodal corpus,intermodal corpus,0.0,1.0
B,C,RPV,FFR,corpora,corpora,0.0,1.0
B,C,RPV,FFR,corpora,corpora,0.0,1.0
B,C,RPV,FFR,corpora,corpora,0.0,1.0
B,C,RPV,FFR,corpus,corpus,0.0,1.0
B,C,RPV,FFR,corpora,corpora,0.0,1.0
B,C,RPV,FFR,subcorpora,subcorpora,0.0,1.0
B,C,RPV,FFR,corpora,corpora,0.0,1.0
B,C,RPV,FFR,subcorpora,subcorpora,0.0,1.0
B,C,RPV,FFR,intermodal corpus,intermodal corpus,0.0,1.0
B,C,RPV,FFR,corpora,corpora,0.0,1.0
B,C,RPV,FFR,corpora,corpora,0.0,1.0
B,C,RPV,FFR,corpora,corpora,0.0,1.0
B,C,RPV,FFR,parallel corpora,parallel corpora,0.0,1.0
B,C,RPV,FFR,comparable corpora,comparable corpora,0.0,1.0
B,C,RPV,FFR,parallel corpora,parallel corpora,0.0,1.0
B,C,RPV,FFR,parallel corpora,parallel corpora,0.0,1.0
B,C,RPV,FFR,parallel corpora,parallel corpora,0.0,1.0
B,C,RPV,FFR,multilingual,multilingual,0.0,1.0
B,C,RPV,FFR,intermodal quasi-parallel,intermodal quasi-parallel,0.0,1.0
B,C,RPV,FFR,comparable parallel,comparable and parallel,0.174,0.826
B,C,RPV,FFR,corpora,corpora,0.0,1.0
B,C,RPV,FFR,corpora,corpora,0.0,1.0
B,C,RPV,COB,parallel corpora,parallel corpora,0.0,1.0
B,C,RPV,COB,parallel corpora,parallel corpora,0.0,1.0
B,C,RPV,COB,parallel corpora,parallel corpora,0.0,1.0
B,C,RPV,COB,corpora,corpora,0.0,1.0
B,C,RPV,COB,parallel,parallel,0.0,1.0
B,C,RPV,COB,corpora,corpora,0.0,1.0
B,C,RPV,COB,corpora,corpora,0.0,1.0
B,C,RPV,COB,corpora,corpora,0.0,1.0
B,C,RPV,COB,parallel,parallel,0.0,1.0
B,C,RPV,COB,comparable corpora,comparable corpora,0.0,1.0
B,C,RPV,COB,corpora,corpora,0.0,1.0
B,C,RPV,COB,parallel corpora,parallel corpora,0.0,1.0
B,C,RPV,COB,corpora,corpora,0.0,1.0
B,C,RPV,COB,parallel corpora,parallel corpora,0.0,1.0
B,C,RPV,COB,corpora,corpora,0.0,1.0
B,C,RPV,COB,annotation,annotation,0.0,1.0
B,C,RPV,COB,corpora,corpora,0.0,1.0
B,C,RPV,COB,corpora,corpora,0.0,1.0
B,C,RPV,COB,parallel corpora,parallel corpora,0.0,1.0
B,C,RPV,COB,parallel corpora,parallel corpora,0.0,1.0
B,C,RPV,COB,comparable corpus,comparable corpus,0.0,1.0
B,C,RPV,COB,‘parallel’,parallel,0.2,0.8
B,C,RPV,COB,parallel,parallel,0.0,1.0
B,C,RPV,COB,corpora,corpora,0.0,1.0
B,C,RPV,COB,parallel corpora,parallel corpora,0.0,1.0
B,C,RPV,COB,comparable corpora,comparable corpora,0.0,1.0
B,C,RPV,COB,parallel corpora,parallel corpora,0.0,1.0
B,C,RPV,COB,parallel corpora,parallel corpora,0.0,1.0
B,C,RPV,COB,corpora,corpora,0.0,1.0
B,C,RPV,COB,annotations,annotations,0.0,1.0
B,C,RPV,COB,corpora,corpora,0.0,1.0
B,C,RPV,COB,parallel corpora,parallel corpora,0.0,1.0
B,C,RPV,COB,annotation,annotation,0.0,1.0
B,C,RPV,COB,annotations,annotations,0.0,1.0
B,C,RPV,COB,annotation,annotation,0.0,1.0
B,C,RPV,COB,annotation,annotation,0.0,1.0
B,C,RPV,COB,corpora,corpora,0.0,1.0
B,C,RPV,COB,corpora,corpora,0.0,1.0
B,C,RPV,COB,corpora,corpora,0.0,1.0
B,C,RPV,COB,corpora,corpora,0.0,1.0
B,C,RPV,COB,annotation,annotation,0.0,1.0
B,C,RPV,COB,corpus,corpus,0.0,1.0
B,C,RPV,COB,corpora,corpora,0.0,1.0
B,C,RPV,COB,corpora,corpora,0.0,1.0
B,C,RPV,COB,corpora,corpora,0.0,1.0
B,C,RPV,COB,corpora,corpora,0.0,1.0
B,C,RPV,COB,corpora,corpora,0.0,1.0
B,C,RPV,COB,parallel corpora,parallel corpora,0.0,1.0
B,C,RPV,COB,comparable corpora,comparable corpora,0.0,1.0
B,C,RPV,COB,parallel corpora,parallel corpora,0.0,1.0
B,C,RPV,COB,parallel corpora,parallel corpora,0.0,1.0
B,C,RPV,COB,parallel corpora,parallel corpora,0.0,1.0
B,C,RPV,COB,parallel,parallel,0.0,1.0
B,C,RPV,COB,corpora,corpora,0.0,1.0
B,C,RPV,COB,corpora,corpora,0.0,1.0
B,C,FFR,COB,parallel corpora,parallel corpora,0.0,1.0
B,C,FFR,COB,parallel corpora,parallel corpora,0.0,1.0
B,C,FFR,COB,parallel corpora,parallel corpora,0.0,1.0
B,C,FFR,COB,corpora,corpora,0.0,1.0
B,C,FFR,COB,corpora,corpora,0.0,1.0
B,C,FFR,COB,corpora,corpora,0.0,1.0
B,C,FFR,COB,parallel corpus,parallel corpora,0.188,0.812
B,C,FFR,COB,parallel corpus,parallel corpora,0.188,0.812
B,C,FFR,COB,corpora,corpora,0.0,1.0
B,C,FFR,COB,corpora,corpora,0.0,1.0
B,C,FFR,COB,parallel corpora,parallel corpora,0.0,1.0
B,C,FFR,COB,corpora,corpora,0.0,1.0
B,C,FFR,COB,parallel corpora,parallel corpora,0.0,1.0
B,C,FFR,COB,corpora,corpora,0.0,1.0
B,C,FFR,COB,corpora,corpora,0.0,1.0
B,C,FFR,COB,corpora,corpora,0.0,1.0
B,C,FFR,COB,corpora,corpora,0.0,1.0
B,C,FFR,COB,parallel corpora,parallel corpora,0.0,1.0
B,C,FFR,COB,parallel corpora,parallel corpora,0.0,1.0
B,C,FFR,COB,comparable corpus,comparable corpus,0.0,1.0
B,C,FFR,COB,parallel corpora,parallel corpora,0.0,1.0
B,C,FFR,COB,corpus,corpus,0.0,1.0
B,C,FFR,COB,parallel corpora,parallel corpora,0.0,1.0
B,C,FFR,COB,comparable corpora,comparable corpora,0.0,1.0
B,C,FFR,COB,parallel corpora,parallel corpora,0.0,1.0
B,C,FFR,COB,parallel corpora,parallel corpora,0.0,1.0
B,C,FFR,COB,corpora,corpora,0.0,1.0
B,C,FFR,COB,corpora,corpora,0.0,1.0
B,C,FFR,COB,parallel corpus,parallel corpora,0.188,0.812
B,C,FFR,COB,corpora,corpora,0.0,1.0
B,C,FFR,COB,parallel corpora,parallel corpora,0.0,1.0
B,C,FFR,COB,corpora,corpora,0.0,1.0
B,C,FFR,COB,corpus,corpus,0.0,1.0
B,C,FFR,COB,corpora,corpora,0.0,1.0
B,C,FFR,COB,corpus,corpus,0.0,1.0
B,C,FFR,COB,corpora,corpora,0.0,1.0
B,C,FFR,COB,corpora,corpora,0.0,1.0
B,C,FFR,COB,corpora,corpora,0.0,1.0
B,C,FFR,COB,corpus,corpus,0.0,1.0
B,C,FFR,COB,corpora,corpora,0.0,1.0
B,C,FFR,COB,corpora,corpora,0.0,1.0
B,C,FFR,COB,corpora,corpora,0.0,1.0
B,C,FFR,COB,corpora,corpora,0.0,1.0
B,C,FFR,COB,corpora,corpora,0.0,1.0
B,C,FFR,COB,comparable corpora,comparable corpora,0.0,1.0
B,C,FFR,COB,parallel corpora,parallel corpora,0.0,1.0
B,C,FFR,COB,parallel corpora,parallel corpora,0.0,1.0
B,C,FFR,COB,parallel corpora,parallel corpora,0.0,1.0
B,C,FFR,COB,corpora,corpora,0.0,1.0
B,C,FFR,COB,corpora,corpora,0.0,1.0
M,A,JNA,AGC,corpus representativeness,corpus representativeness,0.0,1.0
M,A,JNA,AGC,corpus sampling,corpus sampling,0.0,1.0
M,A,JNA,AGC,corpora,corpora,0.0,1.0
M,A,JNA,AGC,representativeness,representativeness,0.0,1.0
M,A,JNA,AGC,corpus research,corpus research,0.0,1.0
M,A,JNA,AGC,corpus linguistics,corpus linguistics,0.0,1.0
M,A,JNA,AGC,corpora,corpora,0.0,1.0
M,A,JNA,AGC,representativeness,representativeness,0.0,1.0
M,A,JNA,AGC,corpora,corpora,0.0,1.0
M,A,JNA,AGC,corpus design,corpus design,0.0,1.0
M,A,JNA,AGC,corpus studies,corpus studies,0.0,1.0
M,A,JNA,AGC,multidimensional analysis (mda),multidimensional analysis,0.194,0.806
M,A,JNA,AGC,corpus research,corpus research,0.0,1.0
M,A,JNA,AGC,corpora,corpora,0.0,1.0
M,A,JNA,AGC,sampling method,sampling method,0.0,1.0
M,A,JNA,AGC,corpus,corpus,0.0,1.0
M,A,JNA,AGC,corpus,corpus,0.0,1.0
M,A,JNA,AGC,corpus linguists,corpus linguists,0.0,1.0
M,A,JNA,AGC,corpora,corpora,0.0,1.0
M,A,JNA,AGC,corpora,corpora,0.0,1.0
M,A,JNA,AGC,corpora,corpora,0.0,1.0
M,A,JNA,AGC,corpus research,corpus research,0.0,1.0
M,A,JNA,AGC,corpus design,corpus design,0.0,1.0
M,A,JNA,AGC,corpus research,corpus research,0.0,1.0
M,A,JNA,AGC,data-driven learning,data-driven learning,0.0,1.0
M,A,JNA,AGC,corpora,corpora,0.0,1.0
M,A,JNA,AGC,corpus studies,corpus studies,0.0,1.0
M,A,JNA,AGC,corpora,corpora,0.0,1.0
M,A,JNA,AGC,corpora,corpora,0.0,1.0
M,A,JNA,AGC,corpora,corpora,0.0,1.0
M,A,JNA,AGC,data-driven learning,data-driven learning,0.0,1.0
M,A,JNA,AGC,corpora,corpora,0.0,1.0
M,A,JNA,AGC,corpora,corpora,0.0,1.0
M,A,JNA,AGC,corpora,corpora,0.0,1.0
M,A,JNA,AGC,corpus size,corpus size,0.0,1.0
M,A,JNA,AGC,corpus linguistics,corpus linguistics,0.0,1.0
M,A,JNA,AGC,corpora,corpora,0.0,1.0
M,A,JNA,AGC,corpus research,corpus research,0.0,1.0
M,A,JNA,AGC,corpus studies,corpus studies,0.0,1.0
M,A,JNA,AGC,corpora,corpora,0.0,1.0
M,A,JNA,AGC,corpora,corpora,0.0,1.0
M,A,JNA,AGC,corpus-based studies,corpus-based studies,0.0,1.0
M,A,JNA,AGC,corpora,corpora,0.0,1.0
M,A,JNA,AGC,corpora,corpora,0.0,1.0
M,A,JNA,AGC,corpora,corpora,0.0,1.0
M,A,JNA,AGC,corpus,corpus,0.0,1.0
M,A,JNA,AGC,corpus,corpus,0.0,1.0
M,A,JNA,AGC,operational domain,operational domain,0.0,1.0
M,A,JNA,AGC,data,data,0.0,1.0
M,A,JNA,AGC,corpora,corpora,0.0,1.0
M,A,JNA,AGC,target domain,target domain,0.0,1.0
M,A,JNA,AGC,corpora,corpora,0.0,1.0
M,A,JNA,AGC,corpora,corpora,0.0,1.0
M,A,JNA,AGC,corpora,corpora,0.0,1.0
M,A,JNA,AGC,specialized corpora,specialized corpora,0.0,1.0
M,A,JNA,AGC,corpora,corpora,0.0,1.0
M,A,JNA,AGC,corpora,corpora,0.0,1.0
M,A,JNA,AGC,corpus,corpus,0.0,1.0
M,A,JNA,AGC,corpora,corpora,0.0,1.0
M,A,JNA,AGC,data,data,0.0,1.0
M,A,JNA,AGC,sampling,sampling,0.0,1.0
M,A,JNA,AGC,sampling,sampling,0.0,1.0
M,A,JNA,AGC,corpus studies,corpus studies,0.0,1.0
M,A,JNA,AGC,corpus design,corpus design,0.0,1.0
M,A,JNA,AGC,corpus studies,corpus studies,0.0,1.0
M,A,JNA,AGC,corpus design,corpus design,0.0,1.0
M,A,JNA,AGC,corpus research,corpus research,0.0,1.0
M,A,JNA,AGC,corpora,corpora,0.0,1.0
M,A,JNA,AGC,samples,samples,0.0,1.0
M,A,JNA,AGC,corpora,corpora,0.0,1.0
M,A,JNA,AGC,target population,target population,0.0,1.0
M,A,JNA,AGC,corpus,corpus,0.0,1.0
M,A,JNA,AGC,corpus-based research,corpus-based research,0.0,1.0
M,A,JNA,AGC,corpus design,corpus design,0.0,1.0
M,A,JNA,AGC,sampling method,sampling method,0.0,1.0
M,A,JNA,AGC,sample,sample,0.0,1.0
M,A,JNA,AGC,sampled,sampled,0.0,1.0
M,A,JNA,AGC,sample,sample,0.0,1.0
M,A,JNA,AGC,sampling methods,sampling methods,0.0,1.0
M,A,JNA,AGC,sampling methods,sampling methods,0.0,1.0
M,A,JNA,AGC,stratified,stratified,0.0,1.0
M,A,JNA,AGC,representativeness,representativeness,0.0,1.0
M,A,JNA,AGC,corpus,corpus,0.0,1.0
M,A,JNA,AGC,sampling methods,sampling methods,0.0,1.0
M,A,JNA,AGC,stratified samples,stratified samples,0.0,1.0
M,A,JNA,AGC,non-stratified samples,non-stratified samples,0.0,1.0
M,A,JNA,AGC,corpora,corpora,0.0,1.0
M,A,JNA,AGC,sampling method,sampling method,0.0,1.0
M,A,JNA,AGC,sampling methodology,sampling methodology,0.0,1.0
M,A,JNA,AGC,corpus design,corpus design,0.0,1.0
M,A,JNA,AGC,corpus design,corpus design,0.0,1.0
M,A,JNA,AGC,corpora,corpora,0.0,1.0
M,A,JNA,AGC,corpora,corpora,0.0,1.0
M,A,JNA,AGC,corpora,corpora,0.0,1.0
M,A,JNA,AGC,sample sizes,sample size,0.083,0.917
M,A,JNA,AGC,tokens,tokens,0.0,1.0
M,A,JNA,AGC,corpus size,corpus size,0.0,1.0
M,A,JNA,AGC,corpora,corpora,0.0,1.0
M,A,JNA,AGC,dispersion measures,dispersion measures,0.0,1.0
M,A,JNA,AGC,corpus,corpus,0.0,1.0
M,A,JNA,AGC,corpora,corpora,0.0,1.0
M,A,JNA,AGC,corpus,corpus,0.0,1.0
M,A,JNA,AGC,corpora,corpora,0.0,1.0
M,A,JNA,AGC,corpora,corpora,0.0,1.0
M,A,JNA,AGC,corpus linguists,corpus linguists,0.0,1.0
M,A,JNA,AGC,corpora,corpora,0.0,1.0
M,A,JNA,AGC,historical corpora,historical corpora,0.0,1.0
M,A,JNA,AGC,corpus builders,corpus builders,0.0,1.0
M,A,JNA,AGC,corpora,corpora,0.0,1.0
M,A,JNA,AGC,corpora,corpora,0.0,1.0
M,A,JNA,AGC,monitor corpora,monitor corpora,0.0,1.0
M,A,JNA,AGC,corpora,corpora,0.0,1.0
M,A,JNA,AGC,corpus,corpus,0.0,1.0
M,A,JNA,AGC,corpus collection,corpus collection,0.0,1.0
M,A,JNA,AGC,corpora,corpora,0.0,1.0
M,A,JNA,AGC,corpus design,corpus design,0.0,1.0
M,A,JNA,AGC,corpora,corpora,0.0,1.0
M,A,JNA,AGC,population,population,0.0,1.0
M,A,JNA,AGC,corpus size,corpus size,0.0,1.0
M,A,JNA,AGC,sampling methodology,sampling methodology,0.0,1.0
M,A,JNA,AGC,corpora,corpora,0.0,1.0
M,A,JNA,AGC,corpora,corpora,0.0,1.0
M,A,JNA,AGC,target population,target population,0.0,1.0
M,A,JNA,AGC,corpora,corpora,0.0,1.0
M,A,JNA,AGC,subcorpora,subcorpora,0.0,1.0
M,A,JNA,AGC,corpus,corpus,0.0,1.0
M,A,JNA,AGC,corpora,corpora,0.0,1.0
M,A,JNA,AGC,corpus linguistics,corpus linguistics,0.0,1.0
M,A,JNA,AGC,corpus,corpus,0.0,1.0
M,A,JNA,AGC,corpora,corpora,0.0,1.0
M,A,JNA,AGC,corpora,corpora,0.0,1.0
M,A,JNA,AGC,corpora,corpora,0.0,1.0
M,A,JNA,AGC,reference corpora,reference corpora,0.0,1.0
M,A,JNA,AGC,target corpora,target corpora,0.0,1.0
M,A,JNA,AGC,reference corpus,reference corpus,0.0,1.0
M,A,JNA,AGC,reference corpus,reference corpus,0.0,1.0
M,A,JNA,AGC,corpora,corpora,0.0,1.0
M,A,JNA,AGC,corpora,corpora,0.0,1.0
M,A,JNA,AGC,corpus linguistics,corpus linguistics,0.0,1.0
M,A,JNA,AGC,linguistic theory,linguistic corpora,0.278,0.722
M,A,JNA,AGC,corpora,corpora,0.0,1.0
M,A,JNA,AGC,corpora,corpora,0.0,1.0
M,A,JNA,AGC,subcorpora,subcorpora,0.0,1.0
M,A,JNA,AGC,corpora,corpora,0.0,1.0
M,A,JNA,AGC,corpora,corpora,0.0,1.0
M,A,JNA,AGC,data,data,0.0,1.0
M,A,JNA,AGC,corpora,corpora,0.0,1.0
M,A,JNA,AGC,sample,sample,0.0,1.0
M,A,JNA,AGC,corpus,corpus,0.0,1.0
M,A,JNA,AGC,corpus,corpus,0.0,1.0
M,A,JNA,AGC,corpus,corpus,0.0,1.0
M,A,JNA,AGC,reliability,reliability,0.0,1.0
M,A,JNA,AGC,corpus,corpus,0.0,1.0
M,A,JNA,AGC,population,population,0.0,1.0
M,A,JNA,AGC,sampling information,sampling information,0.0,1.0
M,A,JNA,AGC,size,size,0.0,1.0
M,A,JNA,AGC,corpus,corpus,0.0,1.0
M,A,JNA,AGC,specificity,specificity,0.0,1.0
M,A,JNA,AGC,vagueness,vagueness,0.0,1.0
M,A,JNA,AGC,sampling,sampling,0.0,1.0
M,A,JNA,AGC,population,population,0.0,1.0
M,A,JNA,AGC,random,random,0.0,1.0
M,A,JNA,AGC,stratified,stratified,0.0,1.0
M,A,JNA,AGC,cluster,cluster,0.0,1.0
M,A,JNA,AGC,systematic,systematic,0.0,1.0
M,A,JNA,AGC,convenience,convenience,0.0,1.0
M,A,JNA,AGC,population,population,0.0,1.0
M,A,JNA,AGC,random,random,0.0,1.0
M,A,JNA,AGC,stratified,stratified,0.0,1.0
M,A,JNA,AGC,systematic,systematic,0.0,1.0
M,A,JNA,AGC,convenience,convenience,0.0,1.0
M,A,JNA,AGC,snowball,snowball,0.0,1.0
M,A,JNA,AGC,consecutive sampling,consecutive sampling,0.0,1.0
M,A,JNA,AGC,judgmental sampling,judgmental samplin,0.053,0.947
M,A,JNA,AGC,sample,sample,0.0,1.0
M,A,JNA,AGC,corpus,corpus,0.0,1.0
M,A,JNA,AGC,tokens,tokens,0.0,1.0
M,A,JNA,AGC,tokens,tokens,0.0,1.0
M,A,JNA,AGC,corpus,corpus,0.0,1.0
M,A,JNA,AGC,corpus,corpus,0.0,1.0
M,A,JNA,AGC,corpus,corpus,0.0,1.0
M,A,JNA,AGC,corpus,corpus,0.0,1.0
M,A,JNA,AGC,data,data,0.0,1.0
M,A,JNA,AGC,sampling method,sampling method,0.0,1.0
M,A,JNA,AGC,corpus,corpus,0.0,1.0
M,A,JNA,AGC,corpora,corpora,0.0,1.0
M,A,JNA,AGC,corpora,corpora,0.0,1.0
M,A,JNA,AGC,corpora,corpora,0.0,1.0
M,A,JNA,AGC,tokens,tokens,0.0,1.0
M,A,JNA,AGC,means,means,0.0,1.0
M,A,JNA,AGC,standard deviations,standard deviations,0.0,1.0
M,A,JNA,AGC,quartiles,quartiles,0.0,1.0
M,A,JNA,AGC,corpora,corpora,0.0,1.0
M,A,JNA,AGC,sampled,sampled,0.0,1.0
M,A,JNA,AGC,data,data,0.0,1.0
M,A,JNA,AGC,corpus,corpus,0.0,1.0
M,A,JNA,AGC,corpora,corpora,0.0,1.0
M,A,JNA,AGC,sampling methodology,sampling methodology,0.0,1.0
M,A,JNA,AGC,corpora,corpora,0.0,1.0
M,A,JNA,AGC,sampling method,sampling method,0.0,1.0
M,A,JNA,AGC,corpora,corpora,0.0,1.0
M,A,JNA,AGC,sample,sample,0.0,1.0
M,A,JNA,AGC,sampling,sampling,0.0,1.0
M,A,JNA,AGC,dataset,dataset,0.0,1.0
M,A,JNA,AGC,corpora,corpora,0.0,1.0
M,A,JNA,AGC,corpus,corpus,0.0,1.0
M,A,JNA,AGC,corpora,corpora,0.0,1.0
M,A,JNA,AGC,sample,sample,0.0,1.0
M,A,JNA,AGC,data,data,0.0,1.0
M,A,JNA,AGC,corpora,corpora,0.0,1.0
M,A,JNA,AGC,corpora,corpora,0.0,1.0
M,A,JNA,AGC,sample,sample,0.0,1.0
M,A,JNA,AGC,corpus,corpus,0.0,1.0
M,A,JNA,AGC,corpora,corpora,0.0,1.0
M,A,JNA,AGC,sample,sample,0.0,1.0
M,A,JNA,AGC,corpora,corpora,0.0,1.0
M,A,JNA,AGC,corpora,corpora,0.0,1.0
M,A,JNA,AGC,corpora,corpora,0.0,1.0
M,A,JNA,AGC,corpora,corpora,0.0,1.0
M,A,JNA,AGC,corpora,corpora,0.0,1.0
M,A,JNA,AGC,corpora,corpora,0.0,1.0
M,A,JNA,AGC,corpora,corpora,0.0,1.0
M,A,JNA,AGC,corpora,corpora,0.0,1.0
M,A,JNA,AGC,interquartile range,interquartile range,0.0,1.0
M,A,JNA,AGC,sample,sample,0.0,1.0
M,A,JNA,AGC,data,data,0.0,1.0
M,A,JNA,AGC,corpora,corpora,0.0,1.0
M,A,JNA,AGC,tokens,tokens,0.0,1.0
M,A,JNA,AGC,corpora,corpora,0.0,1.0
M,A,JNA,AGC,corpora,corpora,0.0,1.0
M,A,JNA,AGC,corpora,corpora,0.0,1.0
M,A,JNA,AGC,tokens,tokens,0.0,1.0
M,A,JNA,AGC,corpora,corpora,0.0,1.0
M,A,JNA,AGC,corpora,corpora,0.0,1.0
M,A,JNA,AGC,corpora,corpora,0.0,1.0
M,A,JNA,AGC,corpora,corpora,0.0,1.0
M,A,JNA,AGC,corpus,corpus,0.0,1.0
M,A,JNA,AGC,corpora,corpora,0.0,1.0
M,A,JNA,AGC,corpus design,corpus design,0.0,1.0
M,A,JNA,AGC,target population,target population,0.0,1.0
M,A,JNA,AGC,corpus design,corpus design,0.0,1.0
M,A,JNA,AGC,corpora,corpora,0.0,1.0
M,A,JNA,AGC,defined population,well-defined population,0.217,0.783
M,A,JNA,AGC,population,population,0.0,1.0
M,A,JNA,AGC,corpora,corpora,0.0,1.0
M,A,JNA,AGC,defined population,well-defined population,0.217,0.783
M,A,JNA,AGC,corpus,corpus,0.0,1.0
M,A,JNA,AGC,corpora,corpora,0.0,1.0
M,A,JNA,AGC,corpus,corpus,0.0,1.0
M,A,JNA,AGC,corpus,corpus,0.0,1.0
M,A,JNA,AGC,corpus description,corpus description,0.0,1.0
M,A,JNA,AGC,target population,target population,0.0,1.0
M,A,JNA,AGC,corpus selection,corpus selection,0.0,1.0
M,A,JNA,AGC,corpus descriptions,corpus descriptions,0.0,1.0
M,A,JNA,AGC,corpus,corpus,0.0,1.0
M,A,JNA,AGC,sampling methods,sampling methods,0.0,1.0
M,A,JNA,AGC,sample,sample,0.0,1.0
M,A,JNA,AGC,corpus sample,corpus sample,0.0,1.0
M,A,JNA,AGC,sampled,sampled,0.0,1.0
M,A,JNA,AGC,well-defined population,well-defined population,0.0,1.0
M,A,JNA,AGC,generalizable,generalizable,0.0,1.0
M,A,JNA,AGC,corpus,corpus,0.0,1.0
M,A,JNA,AGC,target population,target population,0.0,1.0
M,A,JNA,AGC,corpus,corpus,0.0,1.0
M,A,JNA,AGC,population,population,0.0,1.0
M,A,JNA,AGC,sampling,sampling,0.0,1.0
M,A,JNA,AGC,corpora,corpora,0.0,1.0
M,A,JNA,AGC,target population,target population,0.0,1.0
M,A,JNA,AGC,sampling method,sampling method,0.0,1.0
M,A,JNA,AGC,sampling methods,sampling methods,0.0,1.0
M,A,JNA,AGC,sampling,sampling,0.0,1.0
M,A,JNA,AGC,corpus,corpus,0.0,1.0
M,A,JNA,AGC,corpus,corpus,0.0,1.0
M,A,JNA,AGC,data,data,0.0,1.0
M,A,JNA,AGC,corpora,corpora,0.0,1.0
M,A,JNA,AGC,tokens,tokens,0.0,1.0
M,A,JNA,AGC,corpus description,corpus description,0.0,1.0
M,A,JNA,AGC,tokens,tokens,0.0,1.0
M,A,JNA,AGC,corpus linguistics,corpus linguistics,0.0,1.0
M,A,JNA,AGC,corpora,corpora,0.0,1.0
M,A,JNA,AGC,corpus results,corpus results,0.0,1.0
M,A,JNA,AGC,word count limitations,word count limitations,0.0,1.0
M,A,JNA,AGC,population,population,0.0,1.0
M,A,JNA,AGC,population,population,0.0,1.0
M,A,JNA,AGC,sampled,sampled,0.0,1.0
M,A,JNA,AGC,generalizable,generalizable,0.0,1.0
M,A,JNA,AGC,data,data,0.0,1.0
M,A,JNA,AGC,sampling methodology,sampling methodology,0.0,1.0
M,A,JNA,AGC,data,data,0.0,1.0
M,A,JNA,AGC,corpora,corpora,0.0,1.0
M,A,JNA,AGC,corpus linguists,corpus linguists,0.0,1.0
M,A,JNA,AGC,corpora,corpora,0.0,1.0
M,A,JNA,AGC,corpus,corpus,0.0,1.0
M,A,JNA,AGC,dataset,dataset,0.0,1.0
M,A,JNA,AGC,corpus linguists,corpus linguists,0.0,1.0
M,A,JNA,AGC,subcorpus,subcorpus,0.0,1.0
M,A,JNA,AGC,corpora,corpora,0.0,1.0
M,A,JNA,AGC,corpus design,corpus design,0.0,1.0
M,A,JNA,AGC,corpora,corpora,0.0,1.0
M,A,JNA,AGC,corpora,corpora,0.0,1.0
M,A,JNA,AGC,corpora,corpora,0.0,1.0
M,A,JNA,AGC,corpus documentation,corpus documentation,0.0,1.0
M,A,JNA,AGC,corpus,corpus,0.0,1.0
M,A,JNA,AGC,corpus,corpus,0.0,1.0
M,A,JNA,AGC,corpus,corpus,0.0,1.0
M,A,JNA,AGC,corpus,corpus,0.0,1.0
M,A,JNA,AGC,corpus linguists,corpus linguists,0.0,1.0
M,A,JNA,AGC,corpus linguistics,corpus linguistics,0.0,1.0
M,A,JNA,AGC,corpora,corpora,0.0,1.0
M,A,JNA,AGC,sampling methodology,sampling methodology,0.0,1.0
M,A,JNA,AGC,corpora,corpora,0.0,1.0
M,A,JNA,AGC,sampling,sampling,0.0,1.0
M,A,JNA,AGC,sampling method,sampling method,0.0,1.0
M,A,JNA,AGC,stratified samples,stratified samples,0.0,1.0
M,A,JNA,AGC,sampling principles,sampling principles,0.0,1.0
M,A,JNA,AGC,corpora,corpora,0.0,1.0
M,A,JNA,AGC,samples,samples,0.0,1.0
M,A,JNA,AGC,corpora,corpora,0.0,1.0
M,A,JNA,AGC,corpora,corpora,0.0,1.0
M,A,JNA,AGC,designed,design,0.25,0.75
M,A,JNA,AGC,corpora,corpora,0.0,1.0
M,A,JNA,AGC,corpora,corpora,0.0,1.0
M,A,JNA,AGC,sampling errors,sampling errors,0.0,1.0
M,A,JNA,AGC,corpus,corpus,0.0,1.0
M,A,JNA,AGC,corpora,corpora,0.0,1.0
M,A,JNA,AGC,corpus,corpus,0.0,1.0
M,A,JNA,AGC,corpora,corpora,0.0,1.0
M,A,JNA,AGC,sampling error,sampling error,0.0,1.0
M,A,JNA,AGC,sample,sample,0.0,1.0
M,A,JNA,AGC,corpora,corpora,0.0,1.0
M,A,JNA,AGC,corpus,corpus,0.0,1.0
M,A,JNA,AGC,corpus,corpus,0.0,1.0
M,A,JNA,AGC,corpora,corpora,0.0,1.0
M,A,JNA,AGC,corpus research,corpus research,0.0,1.0
M,A,JNA,AGC,corpora,corpora,0.0,1.0
M,A,JNA,AGC,tokens,tokens,0.0,1.0
M,A,JNA,AGC,corpora,corpora,0.0,1.0
M,A,JNA,AGC,corpus,corpus,0.0,1.0
M,A,JNA,AGC,data,data,0.0,1.0
M,A,JNA,AGC,tokens,tokens,0.0,1.0
M,A,JNA,AGC,corpus linguistics,corpus linguistics,0.0,1.0
M,A,JNA,AGC,datasets,datasets,0.0,1.0
M,A,JNA,AGC,corpora,corpora,0.0,1.0
M,A,JNA,AGC,corpus linguistics,corpus linguistics,0.0,1.0
M,A,JNA,AGC,corpus linguistics,corpus linguistics,0.0,1.0
M,A,JNA,AGC,corpora,corpora,0.0,1.0
M,A,JNA,AGC,spoken corpora,spoken corpora,0.0,1.0
M,A,JNA,AGC,spoken corpora.,spoken corpora,0.067,0.933
M,A,JNA,AGC,corpora,corpora,0.0,1.0
M,A,JNA,AGC,sampling methodology,sampling methodology,0.0,1.0
M,A,JNA,AGC,corpora,corpora,0.0,1.0
M,A,JNA,AGC,corpora,corpora,0.0,1.0
M,A,JNA,AGC,corpora,corpora,0.0,1.0
M,A,JNA,AGC,corpora,corpora,0.0,1.0
M,A,JNA,AGC,corpora,corpora,0.0,1.0
M,A,JNA,AGC,sampled corpora,compiled corpora,0.188,0.812
M,A,JNA,AGC,compiled corpora,compiled corpora,0.0,1.0
M,A,JNA,AGC,custom-made corpora,custom-made corpora,0.0,1.0
M,A,JNA,AGC,compiled corpora,compiled corpora,0.0,1.0
M,A,JNA,AGC,corpus linguistics,corpus linguistics,0.0,1.0
M,A,JNA,AGC,compiling corpora,compiling corpora,0.0,1.0
M,A,JNA,AGC,corpus,corpus,0.0,1.0
M,A,JNA,AGC,corpora,corpora,0.0,1.0
M,A,JNA,AGC,corpus linguistics,corpus linguistics,0.0,1.0
M,A,JNA,AGC,corpus linguistics,corpus linguistics,0.0,1.0
M,A,JNA,AGC,population,population,0.0,1.0
M,A,JNA,AGC,sampling parameters,sampling parameters,0.0,1.0
M,A,JNA,AGC,representativeness,representativeness,0.0,1.0
M,A,JNA,AGC,sampling method,sampling method,0.0,1.0
M,A,JNA,AGC,size,size,0.0,1.0
M,A,JNA,AGC,sample,sample,0.0,1.0
M,A,JNA,AGC,corpus,corpus,0.0,1.0
M,A,JNA,AGC,corpus,corpus,0.0,1.0
M,A,JNA,AGC,representativeness,representativeness,0.0,1.0
M,A,JNA,AGC,corpora,corpora,0.0,1.0
M,A,JNA,AGC,population,population,0.0,1.0
M,A,JNA,AGC,sampling,sampling,0.0,1.0
M,A,JNA,AGC,method,method,0.0,1.0
M,A,JNA,AGC,corpus research,corpus research,0.0,1.0
M,A,JNA,AGC,data,data,0.0,1.0
M,A,JNA,AGC,corpus description,corpus description,0.0,1.0
M,A,JNA,AGC,corpus research,corpus research,0.0,1.0
M,A,JNA,AGC,corpus,corpus,0.0,1.0
M,A,JNA,AGC,corpora,corpora,0.0,1.0
M,A,JNA,AGC,corpus design,corpus design,0.0,1.0
M,A,JNA,AGC,corpus design,corpus design,0.0,1.0
M,A,JNA,AGC,corpus,corpus,0.0,1.0
M,A,JNA,AGC,corpus linguistics,corpus linguistics,0.0,1.0
M,A,JNA,JZR,corpus representativeness,corpus representativeness,0.0,1.0
M,A,JNA,JZR,corpus sampling,corpus sample,0.2,0.8
M,A,JNA,JZR,corpora,corpora,0.0,1.0
M,A,JNA,JZR,representativeness,representativeness,0.0,1.0
M,A,JNA,JZR,corpus linguistics,corpus linguistics,0.0,1.0
M,A,JNA,JZR,corpora,corpora,0.0,1.0
M,A,JNA,JZR,representativeness,representativeness,0.0,1.0
M,A,JNA,JZR,corpora,corpora,0.0,1.0
M,A,JNA,JZR,corpus design,corpus design,0.0,1.0
M,A,JNA,JZR,multidimensional analysis (mda),multidimensional analysis (mda),0.0,1.0
M,A,JNA,JZR,corpora,corpora,0.0,1.0
M,A,JNA,JZR,sampling method,sampling method,0.0,1.0
M,A,JNA,JZR,corpus,corpus,0.0,1.0
M,A,JNA,JZR,corpus,corpus,0.0,1.0
M,A,JNA,JZR,corpus linguists,corpus linguists,0.0,1.0
M,A,JNA,JZR,corpora,corpora,0.0,1.0
M,A,JNA,JZR,corpora,corpora,0.0,1.0
M,A,JNA,JZR,corpora,corpora,0.0,1.0
M,A,JNA,JZR,corpus design,corpus design,0.0,1.0
M,A,JNA,JZR,corpora,corpora,0.0,1.0
M,A,JNA,JZR,mda,mda,0.0,1.0
M,A,JNA,JZR,corpora,corpora,0.0,1.0
M,A,JNA,JZR,corpora,corpora,0.0,1.0
M,A,JNA,JZR,corpora,corpora,0.0,1.0
M,A,JNA,JZR,corpora,corpora,0.0,1.0
M,A,JNA,JZR,corpora,corpora,0.0,1.0
M,A,JNA,JZR,corpora,corpora,0.0,1.0
M,A,JNA,JZR,mda,mda,0.0,1.0
M,A,JNA,JZR,corpus linguistics,corpus linguistics,0.0,1.0
M,A,JNA,JZR,corpora,corpora,0.0,1.0
M,A,JNA,JZR,corpora,corpora,0.0,1.0
M,A,JNA,JZR,corpora,corpora,0.0,1.0
M,A,JNA,JZR,corpora,corpora,0.0,1.0
M,A,JNA,JZR,corpora,corpora,0.0,1.0
M,A,JNA,JZR,corpora,corpora,0.0,1.0
M,A,JNA,JZR,corpus,corpus,0.0,1.0
M,A,JNA,JZR,corpus,corpus,0.0,1.0
M,A,JNA,JZR,operational domain,operational domain,0.0,1.0
M,A,JNA,JZR,corpora,corpora,0.0,1.0
M,A,JNA,JZR,target domain,target domain,0.0,1.0
M,A,JNA,JZR,corpora,corpora,0.0,1.0
M,A,JNA,JZR,corpora,corpora,0.0,1.0
M,A,JNA,JZR,corpora,corpora,0.0,1.0
M,A,JNA,JZR,specialized corpora,specialized corpora,0.0,1.0
M,A,JNA,JZR,corpora,corpora,0.0,1.0
M,A,JNA,JZR,corpora,corpora,0.0,1.0
M,A,JNA,JZR,corpus,corpus,0.0,1.0
M,A,JNA,JZR,corpora,corpora,0.0,1.0
M,A,JNA,JZR,sampling,sampling,0.0,1.0
M,A,JNA,JZR,sampling,sampling,0.0,1.0
M,A,JNA,JZR,corpus design,corpus design,0.0,1.0
M,A,JNA,JZR,corpus design,corpus design,0.0,1.0
M,A,JNA,JZR,corpora,corpora,0.0,1.0
M,A,JNA,JZR,samples,samples,0.0,1.0
M,A,JNA,JZR,corpora,corpora,0.0,1.0
M,A,JNA,JZR,target population,target population,0.0,1.0
M,A,JNA,JZR,corpus,corpus,0.0,1.0
M,A,JNA,JZR,domain,domain,0.0,1.0
M,A,JNA,JZR,corpus design,corpus design,0.0,1.0
M,A,JNA,JZR,sampling method,sampling method,0.0,1.0
M,A,JNA,JZR,sample,sample,0.0,1.0
M,A,JNA,JZR,sampled,sample,0.143,0.857
M,A,JNA,JZR,sample,sample,0.0,1.0
M,A,JNA,JZR,sampling methods,sampling methods,0.0,1.0
M,A,JNA,JZR,sampling methods,sampling methods,0.0,1.0
M,A,JNA,JZR,proportional sampling,proportional sampling,0.0,1.0
M,A,JNA,JZR,representativeness,representativeness,0.0,1.0
M,A,JNA,JZR,corpus,corpus,0.0,1.0
M,A,JNA,JZR,sampling methods,sampling methods,0.0,1.0
M,A,JNA,JZR,stratified samples,stratified samples,0.0,1.0
M,A,JNA,JZR,non-stratified samples,non-stratified samples,0.0,1.0
M,A,JNA,JZR,corpora,corpora,0.0,1.0
M,A,JNA,JZR,domains,domains,0.0,1.0
M,A,JNA,JZR,sampling method,sampling method,0.0,1.0
M,A,JNA,JZR,sampling methodology,sampling method,0.25,0.75
M,A,JNA,JZR,corpus design,corpus design,0.0,1.0
M,A,JNA,JZR,corpus design,corpus design,0.0,1.0
M,A,JNA,JZR,corpora,corpora,0.0,1.0
M,A,JNA,JZR,corpora,corpora,0.0,1.0
M,A,JNA,JZR,corpora,corpora,0.0,1.0
M,A,JNA,JZR,sample sizes,sample size,0.083,0.917
M,A,JNA,JZR,corpora,corpora,0.0,1.0
M,A,JNA,JZR,dispersion measures,dispersion measures,0.0,1.0
M,A,JNA,JZR,dispersion,dispersion,0.0,1.0
M,A,JNA,JZR,corpus,corpus,0.0,1.0
M,A,JNA,JZR,corpora,corpora,0.0,1.0
M,A,JNA,JZR,corpus,corpus,0.0,1.0
M,A,JNA,JZR,corpora,corpora,0.0,1.0
M,A,JNA,JZR,mda,mda,0.0,1.0
M,A,JNA,JZR,corpora,corpora,0.0,1.0
M,A,JNA,JZR,corpus linguists,corpus linguists,0.0,1.0
M,A,JNA,JZR,corpora,corpora,0.0,1.0
M,A,JNA,JZR,historical or diachronic corpora,historical or diachronic corpora,0.0,1.0
M,A,JNA,JZR,historical corpora,historical corpora,0.0,1.0
M,A,JNA,JZR,corpora,corpora,0.0,1.0
M,A,JNA,JZR,corpora,corpora,0.0,1.0
M,A,JNA,JZR,monitor corpora,monitor corpora,0.0,1.0
M,A,JNA,JZR,corpora,corpora,0.0,1.0
M,A,JNA,JZR,corpus,corpus,0.0,1.0
M,A,JNA,JZR,corpora,corpora,0.0,1.0
M,A,JNA,JZR,corpus design,corpus design,0.0,1.0
M,A,JNA,JZR,corpora,corpora,0.0,1.0
M,A,JNA,JZR,population,population,0.0,1.0
M,A,JNA,JZR,sampling methodology,sampling method,0.25,0.75
M,A,JNA,JZR,corpora,corpora,0.0,1.0
M,A,JNA,JZR,corpora,corpora,0.0,1.0
M,A,JNA,JZR,target population,target population,0.0,1.0
M,A,JNA,JZR,corpora,corpora,0.0,1.0
M,A,JNA,JZR,subcorpora,subcorpora,0.0,1.0
M,A,JNA,JZR,corpus,corpus,0.0,1.0
M,A,JNA,JZR,corpora,corpora,0.0,1.0
M,A,JNA,JZR,corpus linguistics,corpus linguistics,0.0,1.0
M,A,JNA,JZR,corpus,corpus,0.0,1.0
M,A,JNA,JZR,corpora,corpora,0.0,1.0
M,A,JNA,JZR,corpora,corpora,0.0,1.0
M,A,JNA,JZR,corpora,corpora,0.0,1.0
M,A,JNA,JZR,reference corpora,reference corpora,0.0,1.0
M,A,JNA,JZR,target corpora,target corpora,0.0,1.0
M,A,JNA,JZR,reference corpus,reference corpus,0.0,1.0
M,A,JNA,JZR,reference corpus,reference corpus,0.0,1.0
M,A,JNA,JZR,corpora,corpora,0.0,1.0
M,A,JNA,JZR,corpora,corpora,0.0,1.0
M,A,JNA,JZR,corpus linguistics,corpus linguistics,0.0,1.0
M,A,JNA,JZR,linguistic theory,linguistic corpora,0.278,0.722
M,A,JNA,JZR,corpora,corpora,0.0,1.0
M,A,JNA,JZR,corpora,corpora,0.0,1.0
M,A,JNA,JZR,subcorpora,subcorpora,0.0,1.0
M,A,JNA,JZR,corpora,corpora,0.0,1.0
M,A,JNA,JZR,corpora,corpora,0.0,1.0
M,A,JNA,JZR,corpora,corpora,0.0,1.0
M,A,JNA,JZR,sample,sample,0.0,1.0
M,A,JNA,JZR,corpus,corpus,0.0,1.0
M,A,JNA,JZR,corpus,corpus,0.0,1.0
M,A,JNA,JZR,corpus,corpus,0.0,1.0
M,A,JNA,JZR,domain,domain,0.0,1.0
M,A,JNA,JZR,corpus,corpus,0.0,1.0
M,A,JNA,JZR,population,population,0.0,1.0
M,A,JNA,JZR,corpus,corpus,0.0,1.0
M,A,JNA,JZR,sampling,sampling,0.0,1.0
M,A,JNA,JZR,population,population,0.0,1.0
M,A,JNA,JZR,population,population,0.0,1.0
M,A,JNA,JZR,consecutive sampling,consecutive sampling,0.0,1.0
M,A,JNA,JZR,judgmental sampling,judgmental sampling,0.0,1.0
M,A,JNA,JZR,sample,sample,0.0,1.0
M,A,JNA,JZR,corpus,corpus,0.0,1.0
M,A,JNA,JZR,corpus,corpus,0.0,1.0
M,A,JNA,JZR,corpus,corpus,0.0,1.0
M,A,JNA,JZR,corpus,corpus,0.0,1.0
M,A,JNA,JZR,corpus,corpus,0.0,1.0
M,A,JNA,JZR,sampling method,sampling method,0.0,1.0
M,A,JNA,JZR,corpus,corpus,0.0,1.0
M,A,JNA,JZR,corpora,corpora,0.0,1.0
M,A,JNA,JZR,corpora,corpora,0.0,1.0
M,A,JNA,JZR,corpora,corpora,0.0,1.0
M,A,JNA,JZR,corpora,corpora,0.0,1.0
M,A,JNA,JZR,sampled,sample,0.143,0.857
M,A,JNA,JZR,corpus,corpus,0.0,1.0
M,A,JNA,JZR,corpora,corpora,0.0,1.0
M,A,JNA,JZR,sampling methodology,sampling method,0.25,0.75
M,A,JNA,JZR,corpora,corpora,0.0,1.0
M,A,JNA,JZR,sampling method,sampling method,0.0,1.0
M,A,JNA,JZR,corpora,corpora,0.0,1.0
M,A,JNA,JZR,sample,sample,0.0,1.0
M,A,JNA,JZR,sampling,sampling,0.0,1.0
M,A,JNA,JZR,dataset,datasets,0.125,0.875
M,A,JNA,JZR,corpora,corpora,0.0,1.0
M,A,JNA,JZR,corpus,corpus,0.0,1.0
M,A,JNA,JZR,corpora,corpora,0.0,1.0
M,A,JNA,JZR,sample,sample,0.0,1.0
M,A,JNA,JZR,corpora,corpora,0.0,1.0
M,A,JNA,JZR,corpora,corpora,0.0,1.0
M,A,JNA,JZR,sample,sample,0.0,1.0
M,A,JNA,JZR,corpus,corpus,0.0,1.0
M,A,JNA,JZR,corpora,corpora,0.0,1.0
M,A,JNA,JZR,sample,sample,0.0,1.0
M,A,JNA,JZR,corpora,corpora,0.0,1.0
M,A,JNA,JZR,corpora,corpora,0.0,1.0
M,A,JNA,JZR,corpora,corpora,0.0,1.0
M,A,JNA,JZR,corpora,corpora,0.0,1.0
M,A,JNA,JZR,corpora,corpora,0.0,1.0
M,A,JNA,JZR,corpora,corpora,0.0,1.0
M,A,JNA,JZR,corpora,corpora,0.0,1.0
M,A,JNA,JZR,corpora,corpora,0.0,1.0
M,A,JNA,JZR,sample,sample,0.0,1.0
M,A,JNA,JZR,corpora,corpora,0.0,1.0
M,A,JNA,JZR,corpora,corpora,0.0,1.0
M,A,JNA,JZR,corpora,corpora,0.0,1.0
M,A,JNA,JZR,corpora,corpora,0.0,1.0
M,A,JNA,JZR,corpora,corpora,0.0,1.0
M,A,JNA,JZR,corpora,corpora,0.0,1.0
M,A,JNA,JZR,corpora,corpora,0.0,1.0
M,A,JNA,JZR,corpora,corpora,0.0,1.0
M,A,JNA,JZR,corpus,corpus,0.0,1.0
M,A,JNA,JZR,corpora,corpora,0.0,1.0
M,A,JNA,JZR,corpus design,corpus design,0.0,1.0
M,A,JNA,JZR,target population,target population,0.0,1.0
M,A,JNA,JZR,corpus design,corpus design,0.0,1.0
M,A,JNA,JZR,corpora,corpora,0.0,1.0
M,A,JNA,JZR,population,population,0.0,1.0
M,A,JNA,JZR,corpora,corpora,0.0,1.0
M,A,JNA,JZR,corpus,corpus,0.0,1.0
M,A,JNA,JZR,corpora,corpora,0.0,1.0
M,A,JNA,JZR,corpus,corpus,0.0,1.0
M,A,JNA,JZR,corpus,corpus,0.0,1.0
M,A,JNA,JZR,target population,target population,0.0,1.0
M,A,JNA,JZR,corpus,corpus,0.0,1.0
M,A,JNA,JZR,sampling methods,sampling methods,0.0,1.0
M,A,JNA,JZR,sample,sample,0.0,1.0
M,A,JNA,JZR,corpus sample,corpus sample,0.0,1.0
M,A,JNA,JZR,sampled,sample,0.143,0.857
M,A,JNA,JZR,corpus,corpus,0.0,1.0
M,A,JNA,JZR,target population,target population,0.0,1.0
M,A,JNA,JZR,corpus,corpus,0.0,1.0
M,A,JNA,JZR,population,population,0.0,1.0
M,A,JNA,JZR,sampling,sampling,0.0,1.0
M,A,JNA,JZR,corpora,corpora,0.0,1.0
M,A,JNA,JZR,target population,target population,0.0,1.0
M,A,JNA,JZR,sampling method,sampling method,0.0,1.0
M,A,JNA,JZR,sampling methods,sampling methods,0.0,1.0
M,A,JNA,JZR,sampling,sampling,0.0,1.0
M,A,JNA,JZR,corpus,corpus,0.0,1.0
M,A,JNA,JZR,corpus,corpus,0.0,1.0
M,A,JNA,JZR,corpora,corpora,0.0,1.0
M,A,JNA,JZR,corpus linguistics,corpus linguistics,0.0,1.0
M,A,JNA,JZR,corpora,corpora,0.0,1.0
M,A,JNA,JZR,population,population,0.0,1.0
M,A,JNA,JZR,population,population,0.0,1.0
M,A,JNA,JZR,sampled,sample,0.143,0.857
M,A,JNA,JZR,lectures,features,0.25,0.75
M,A,JNA,JZR,sampling methodology,sampling method,0.25,0.75
M,A,JNA,JZR,corpora,corpora,0.0,1.0
M,A,JNA,JZR,corpus linguists,corpus linguists,0.0,1.0
M,A,JNA,JZR,corpora,corpora,0.0,1.0
M,A,JNA,JZR,corpus,corpus,0.0,1.0
M,A,JNA,JZR,dataset,datasets,0.125,0.875
M,A,JNA,JZR,corpus linguists,corpus linguists,0.0,1.0
M,A,JNA,JZR,subcorpus,subcorpus,0.0,1.0
M,A,JNA,JZR,corpora,corpora,0.0,1.0
M,A,JNA,JZR,corpus design,corpus design,0.0,1.0
M,A,JNA,JZR,corpora,corpora,0.0,1.0
M,A,JNA,JZR,corpora,corpora,0.0,1.0
M,A,JNA,JZR,corpora,corpora,0.0,1.0
M,A,JNA,JZR,corpus,corpus,0.0,1.0
M,A,JNA,JZR,corpus,corpus,0.0,1.0
M,A,JNA,JZR,corpus,corpus,0.0,1.0
M,A,JNA,JZR,corpus,corpus,0.0,1.0
M,A,JNA,JZR,corpus linguists,corpus linguists,0.0,1.0
M,A,JNA,JZR,corpus linguistics,corpus linguistics,0.0,1.0
M,A,JNA,JZR,corpora,corpora,0.0,1.0
M,A,JNA,JZR,sampling methodology,sampling method,0.25,0.75
M,A,JNA,JZR,corpora,corpora,0.0,1.0
M,A,JNA,JZR,sampling,sampling,0.0,1.0
M,A,JNA,JZR,sampling method,sampling method,0.0,1.0
M,A,JNA,JZR,stratified samples,stratified samples,0.0,1.0
M,A,JNA,JZR,corpora,corpora,0.0,1.0
M,A,JNA,JZR,samples,samples,0.0,1.0
M,A,JNA,JZR,corpora,corpora,0.0,1.0
M,A,JNA,JZR,corpora,corpora,0.0,1.0
M,A,JNA,JZR,corpora,corpora,0.0,1.0
M,A,JNA,JZR,corpora,corpora,0.0,1.0
M,A,JNA,JZR,sampling errors,sampling methods,0.25,0.75
M,A,JNA,JZR,corpus,corpus,0.0,1.0
M,A,JNA,JZR,corpora,corpora,0.0,1.0
M,A,JNA,JZR,corpus,corpus,0.0,1.0
M,A,JNA,JZR,corpora,corpora,0.0,1.0
M,A,JNA,JZR,sampling error,sampling method,0.267,0.733
M,A,JNA,JZR,sample,sample,0.0,1.0
M,A,JNA,JZR,corpora,corpora,0.0,1.0
M,A,JNA,JZR,corpus,corpus,0.0,1.0
M,A,JNA,JZR,corpus,corpus,0.0,1.0
M,A,JNA,JZR,corpora,corpora,0.0,1.0
M,A,JNA,JZR,corpora,corpora,0.0,1.0
M,A,JNA,JZR,corpora,corpora,0.0,1.0
M,A,JNA,JZR,corpus,corpus,0.0,1.0
M,A,JNA,JZR,corpus linguistics,corpus linguistics,0.0,1.0
M,A,JNA,JZR,datasets,datasets,0.0,1.0
M,A,JNA,JZR,corpora,corpora,0.0,1.0
M,A,JNA,JZR,corpus linguistics,corpus linguistics,0.0,1.0
M,A,JNA,JZR,corpus linguistics,corpus linguistics,0.0,1.0
M,A,JNA,JZR,corpora,corpora,0.0,1.0
M,A,JNA,JZR,corpora,corpora,0.0,1.0
M,A,JNA,JZR,sampling methodology,sampling method,0.25,0.75
M,A,JNA,JZR,corpora,corpora,0.0,1.0
M,A,JNA,JZR,corpora,corpora,0.0,1.0
M,A,JNA,JZR,corpora,corpora,0.0,1.0
M,A,JNA,JZR,corpora,corpora,0.0,1.0
M,A,JNA,JZR,corpora,corpora,0.0,1.0
M,A,JNA,JZR,sampled corpora,sampled corpora,0.0,1.0
M,A,JNA,JZR,compiled corpora,sampled corpora,0.188,0.812
M,A,JNA,JZR,compiled corpora,sampled corpora,0.188,0.812
M,A,JNA,JZR,corpus linguistics,corpus linguistics,0.0,1.0
M,A,JNA,JZR,corpus,corpus,0.0,1.0
M,A,JNA,JZR,corpora,corpora,0.0,1.0
M,A,JNA,JZR,corpus linguistics,corpus linguistics,0.0,1.0
M,A,JNA,JZR,corpus linguistics,corpus linguistics,0.0,1.0
M,A,JNA,JZR,population,population,0.0,1.0
M,A,JNA,JZR,representativeness,representativeness,0.0,1.0
M,A,JNA,JZR,sampling method,sampling method,0.0,1.0
M,A,JNA,JZR,sample,sample,0.0,1.0
M,A,JNA,JZR,corpus,corpus,0.0,1.0
M,A,JNA,JZR,corpus,corpus,0.0,1.0
M,A,JNA,JZR,representativeness,representativeness,0.0,1.0
M,A,JNA,JZR,corpora,corpora,0.0,1.0
M,A,JNA,JZR,population,population,0.0,1.0
M,A,JNA,JZR,sampling,sampling,0.0,1.0
M,A,JNA,JZR,corpus,corpus,0.0,1.0
M,A,JNA,JZR,corpora,corpora,0.0,1.0
M,A,JNA,JZR,corpus design,corpus design,0.0,1.0
M,A,JNA,JZR,corpus design,corpus design,0.0,1.0
M,A,JNA,JZR,corpus,corpus,0.0,1.0
M,A,JNA,JZR,corpus linguistics,corpus linguistics,0.0,1.0
M,A,AGC,JZR,corpus representativeness,corpus representativeness,0.0,1.0
M,A,AGC,JZR,corpus sampling,corpus sample,0.2,0.8
M,A,AGC,JZR,corpora,corpora,0.0,1.0
M,A,AGC,JZR,representativeness,representativeness,0.0,1.0
M,A,AGC,JZR,corpus linguistics,corpus linguistics,0.0,1.0
M,A,AGC,JZR,corpora,corpora,0.0,1.0
M,A,AGC,JZR,corpora,corpora,0.0,1.0
M,A,AGC,JZR,corpus,corpus,0.0,1.0
M,A,AGC,JZR,corpus,corpus,0.0,1.0
M,A,AGC,JZR,multidimensional analysis,multidimensional analysis (mda),0.194,0.806
M,A,AGC,JZR,corpus,corpus,0.0,1.0
M,A,AGC,JZR,corpora,corpora,0.0,1.0
M,A,AGC,JZR,sampling method,sampling method,0.0,1.0
M,A,AGC,JZR,corpus,corpus,0.0,1.0
M,A,AGC,JZR,corpus linguistics,corpus linguistics,0.0,1.0
M,A,AGC,JZR,corpus linguists,corpus linguists,0.0,1.0
M,A,AGC,JZR,corpus linguistics,corpus linguistics,0.0,1.0
M,A,AGC,JZR,corpora,corpora,0.0,1.0
M,A,AGC,JZR,nature,feature,0.286,0.714
M,A,AGC,JZR,corpus linguistics,corpus linguistics,0.0,1.0
M,A,AGC,JZR,corpus linguistics,corpus linguistics,0.0,1.0
M,A,AGC,JZR,corpus design,corpus design,0.0,1.0
M,A,AGC,JZR,corpus linguistics,corpus linguistics,0.0,1.0
M,A,AGC,JZR,corpus linguistic,corpus linguistic,0.0,1.0
M,A,AGC,JZR,corpus design,corpus design,0.0,1.0
M,A,AGC,JZR,corpora,corpora,0.0,1.0
M,A,AGC,JZR,statistics,statistics,0.0,1.0
M,A,AGC,JZR,corpora,corpora,0.0,1.0
M,A,AGC,JZR,corpora,corpora,0.0,1.0
M,A,AGC,JZR,corpora,corpora,0.0,1.0
M,A,AGC,JZR,corpora,corpora,0.0,1.0
M,A,AGC,JZR,corpora,corpora,0.0,1.0
M,A,AGC,JZR,learner corpora,learner corpora,0.0,1.0
M,A,AGC,JZR,corpus linguistics,corpus linguistics,0.0,1.0
M,A,AGC,JZR,corpus linguistics,corpus linguistics,0.0,1.0
M,A,AGC,JZR,corpora,corpora,0.0,1.0
M,A,AGC,JZR,corpora,corpora,0.0,1.0
M,A,AGC,JZR,corpora,corpora,0.0,1.0
M,A,AGC,JZR,corpora,corpora,0.0,1.0
M,A,AGC,JZR,corpus design,corpus design,0.0,1.0
M,A,AGC,JZR,general-purpose corpora,general-purpose corpora,0.0,1.0
M,A,AGC,JZR,corpora,corpora,0.0,1.0
M,A,AGC,JZR,population of interest,population of interest,0.0,1.0
M,A,AGC,JZR,sampling method,sampling method,0.0,1.0
M,A,AGC,JZR,corpus,corpus,0.0,1.0
M,A,AGC,JZR,population of interest,population of interest,0.0,1.0
M,A,AGC,JZR,operational domain,operational domain,0.0,1.0
M,A,AGC,JZR,corpora,corpora,0.0,1.0
M,A,AGC,JZR,target domain,target domain,0.0,1.0
M,A,AGC,JZR,specialized corpora,specialized corpora,0.0,1.0
M,A,AGC,JZR,general corpora,general corpora,0.0,1.0
M,A,AGC,JZR,corpora,corpora,0.0,1.0
M,A,AGC,JZR,specialized corpora,specialized corpora,0.0,1.0
M,A,AGC,JZR,corpora,corpora,0.0,1.0
M,A,AGC,JZR,corpus,corpus,0.0,1.0
M,A,AGC,JZR,corpora,corpora,0.0,1.0
M,A,AGC,JZR,the method of sampling,method of sampling,0.182,0.818
M,A,AGC,JZR,sampling methods,sampling methods,0.0,1.0
M,A,AGC,JZR,corpus design,corpus design,0.0,1.0
M,A,AGC,JZR,corpus design,corpus design,0.0,1.0
M,A,AGC,JZR,corpus design,corpus design,0.0,1.0
M,A,AGC,JZR,sampling method,sampling method,0.0,1.0
M,A,AGC,JZR,sample size,sample size,0.0,1.0
M,A,AGC,JZR,time of language production,time of language production,0.0,1.0
M,A,AGC,JZR,corpu,corpus,0.167,0.833
M,A,AGC,JZR,corpora,corpora,0.0,1.0
M,A,AGC,JZR,samples,samples,0.0,1.0
M,A,AGC,JZR,sampling procedures,sampling procedures,0.0,1.0
M,A,AGC,JZR,corpora,corpora,0.0,1.0
M,A,AGC,JZR,target population,target population,0.0,1.0
M,A,AGC,JZR,population,population,0.0,1.0
M,A,AGC,JZR,corpus,corpus,0.0,1.0
M,A,AGC,JZR,sample,sample,0.0,1.0
M,A,AGC,JZR,sampling,sampling,0.0,1.0
M,A,AGC,JZR,corpus design,corpus design,0.0,1.0
M,A,AGC,JZR,sampling method,sampling method,0.0,1.0
M,A,AGC,JZR,sample,sample,0.0,1.0
M,A,AGC,JZR,sampled,sample,0.143,0.857
M,A,AGC,JZR,sampling methods,sampling methods,0.0,1.0
M,A,AGC,JZR,sampling methods,sampling methods,0.0,1.0
M,A,AGC,JZR,sampling methods,sampling methods,0.0,1.0
M,A,AGC,JZR,stratified samples,stratified samples,0.0,1.0
M,A,AGC,JZR,representative,representative,0.0,1.0
M,A,AGC,JZR,non-stratified samples,non-stratified samples,0.0,1.0
M,A,AGC,JZR,sampling,sampling,0.0,1.0
M,A,AGC,JZR,selection bias,selection bias,0.0,1.0
M,A,AGC,JZR,non-representative samples,non-representative samples,0.0,1.0
M,A,AGC,JZR,corpora,corpora,0.0,1.0
M,A,AGC,JZR,sampling method,sampling method,0.0,1.0
M,A,AGC,JZR,datasets,datasets,0.0,1.0
M,A,AGC,JZR,sampling methodology,sampling method,0.25,0.75
M,A,AGC,JZR,corpus design,corpus design,0.0,1.0
M,A,AGC,JZR,corpus design,corpus design,0.0,1.0
M,A,AGC,JZR,corpora,corpora,0.0,1.0
M,A,AGC,JZR,large corpor,target corpora,0.214,0.786
M,A,AGC,JZR,statistical significance,statistical significance,0.0,1.0
M,A,AGC,JZR,corpora,corpora,0.0,1.0
M,A,AGC,JZR,dispersion measures,dispersion measures,0.0,1.0
M,A,AGC,JZR,dispersion metrics,dispersion metrics,0.0,1.0
M,A,AGC,JZR,corpus,corpus,0.0,1.0
M,A,AGC,JZR,corpora,corpora,0.0,1.0
M,A,AGC,JZR,corpus,corpus,0.0,1.0
M,A,AGC,JZR,large corpora,target corpora,0.143,0.857
M,A,AGC,JZR,corpora,corpora,0.0,1.0
M,A,AGC,JZR,corpus linguists,corpus linguists,0.0,1.0
M,A,AGC,JZR,historical corpora,historical corpora,0.0,1.0
M,A,AGC,JZR,corpus linguists,corpus linguists,0.0,1.0
M,A,AGC,JZR,corpus,corpus,0.0,1.0
M,A,AGC,JZR,historical corpora,historical corpora,0.0,1.0
M,A,AGC,JZR,unrepresentative,unrepresentative,0.0,1.0
M,A,AGC,JZR,representative,representative,0.0,1.0
M,A,AGC,JZR,corpora,corpora,0.0,1.0
M,A,AGC,JZR,monitor corpora,monitor corpora,0.0,1.0
M,A,AGC,JZR,corpora,corpora,0.0,1.0
M,A,AGC,JZR,corpus design,corpus design,0.0,1.0
M,A,AGC,JZR,corpus linguistics,corpus linguistics,0.0,1.0
M,A,AGC,JZR,corpora,corpora,0.0,1.0
M,A,AGC,JZR,corpus linguistics,corpus linguistics,0.0,1.0
M,A,AGC,JZR,corpus,corpus,0.0,1.0
M,A,AGC,JZR,sampling methodology,sampling method,0.25,0.75
M,A,AGC,JZR,corpus linguistics,corpus linguistics,0.0,1.0
M,A,AGC,JZR,corpora,corpora,0.0,1.0
M,A,AGC,JZR,corpus linguistics,corpus linguistics,0.0,1.0
M,A,AGC,JZR,target population,target population,0.0,1.0
M,A,AGC,JZR,linguistic corpora,linguistic corpora,0.0,1.0
M,A,AGC,JZR,subcorpora,subcorpora,0.0,1.0
M,A,AGC,JZR,corpus linguistic,corpus linguistic,0.0,1.0
M,A,AGC,JZR,corpora,corpora,0.0,1.0
M,A,AGC,JZR,corpus,corpus,0.0,1.0
M,A,AGC,JZR,corpora,corpora,0.0,1.0
M,A,AGC,JZR,corpus linguistics,corpus linguistics,0.0,1.0
M,A,AGC,JZR,corpus,corpus,0.0,1.0
M,A,AGC,JZR,corpora,corpora,0.0,1.0
M,A,AGC,JZR,corpora,corpora,0.0,1.0
M,A,AGC,JZR,corpus tokens,corpus tokens,0.0,1.0
M,A,AGC,JZR,reference corpora,reference corpora,0.0,1.0
M,A,AGC,JZR,target corpora,target corpora,0.0,1.0
M,A,AGC,JZR,reference corpus,reference corpus,0.0,1.0
M,A,AGC,JZR,reference corpus,reference corpus,0.0,1.0
M,A,AGC,JZR,corpora,corpora,0.0,1.0
M,A,AGC,JZR,corpus linguistic,corpus linguistic,0.0,1.0
M,A,AGC,JZR,corpora,corpora,0.0,1.0
M,A,AGC,JZR,corpora,corpora,0.0,1.0
M,A,AGC,JZR,corpora,corpora,0.0,1.0
M,A,AGC,JZR,subcorpora,subcorpora,0.0,1.0
M,A,AGC,JZR,corpus,corpus,0.0,1.0
M,A,AGC,JZR,corpora,corpora,0.0,1.0
M,A,AGC,JZR,corpora,corpora,0.0,1.0
M,A,AGC,JZR,corpora,corpora,0.0,1.0
M,A,AGC,JZR,corpora,corpora,0.0,1.0
M,A,AGC,JZR,sample,sample,0.0,1.0
M,A,AGC,JZR,corpus,corpus,0.0,1.0
M,A,AGC,JZR,corpus,corpus,0.0,1.0
M,A,AGC,JZR,corpus,corpus,0.0,1.0
M,A,AGC,JZR,population,population,0.0,1.0
M,A,AGC,JZR,method of sampling,method of sampling,0.0,1.0
M,A,AGC,JZR,corpus,corpus,0.0,1.0
M,A,AGC,JZR,sampled,sample,0.143,0.857
M,A,AGC,JZR,corpus,corpus,0.0,1.0
M,A,AGC,JZR,population,population,0.0,1.0
M,A,AGC,JZR,corpus,corpus,0.0,1.0
M,A,AGC,JZR,corpus attributes,corpus attributes,0.0,1.0
M,A,AGC,JZR,corpus,corpus,0.0,1.0
M,A,AGC,JZR,sampling method,sampling method,0.0,1.0
M,A,AGC,JZR,population,population,0.0,1.0
M,A,AGC,JZR,population,population,0.0,1.0
M,A,AGC,JZR,corpus,corpus,0.0,1.0
M,A,AGC,JZR,sample,sample,0.0,1.0
M,A,AGC,JZR,sampled,sample,0.143,0.857
M,A,AGC,JZR,consecutive sampling,consecutive sampling,0.0,1.0
M,A,AGC,JZR,judgmental samplin,judgmental sampling,0.053,0.947
M,A,AGC,JZR,corpus,corpus,0.0,1.0
M,A,AGC,JZR,corpus,corpus,0.0,1.0
M,A,AGC,JZR,corpus,corpus,0.0,1.0
M,A,AGC,JZR,corpus,corpus,0.0,1.0
M,A,AGC,JZR,corpus,corpus,0.0,1.0
M,A,AGC,JZR,corpus,corpus,0.0,1.0
M,A,AGC,JZR,corpus,corpus,0.0,1.0
M,A,AGC,JZR,corpora,corpora,0.0,1.0
M,A,AGC,JZR,corpora,corpora,0.0,1.0
M,A,AGC,JZR,corpora,corpora,0.0,1.0
M,A,AGC,JZR,sampled,sample,0.143,0.857
M,A,AGC,JZR,corpus,corpus,0.0,1.0
M,A,AGC,JZR,corpora,corpora,0.0,1.0
M,A,AGC,JZR,corpora,corpora,0.0,1.0
M,A,AGC,JZR,corpus,corpus,0.0,1.0
M,A,AGC,JZR,sampling methodology,sampling method,0.25,0.75
M,A,AGC,JZR,corpora,corpora,0.0,1.0
M,A,AGC,JZR,sampling method,sampling method,0.0,1.0
M,A,AGC,JZR,corpora,corpora,0.0,1.0
M,A,AGC,JZR,sample,sample,0.0,1.0
M,A,AGC,JZR,corpora,corpora,0.0,1.0
M,A,AGC,JZR,sampling,sampling,0.0,1.0
M,A,AGC,JZR,dataset,datasets,0.125,0.875
M,A,AGC,JZR,corpora,corpora,0.0,1.0
M,A,AGC,JZR,corpus,corpus,0.0,1.0
M,A,AGC,JZR,corpora,corpora,0.0,1.0
M,A,AGC,JZR,sample,sample,0.0,1.0
M,A,AGC,JZR,corpora,corpora,0.0,1.0
M,A,AGC,JZR,corpora,corpora,0.0,1.0
M,A,AGC,JZR,sample,sample,0.0,1.0
M,A,AGC,JZR,corpus,corpus,0.0,1.0
M,A,AGC,JZR,corpora,corpora,0.0,1.0
M,A,AGC,JZR,corpora,corpora,0.0,1.0
M,A,AGC,JZR,corpora,corpora,0.0,1.0
M,A,AGC,JZR,corpora,corpora,0.0,1.0
M,A,AGC,JZR,modes,mode,0.2,0.8
M,A,AGC,JZR,corpora,corpora,0.0,1.0
M,A,AGC,JZR,corpora,corpora,0.0,1.0
M,A,AGC,JZR,corpora,corpora,0.0,1.0
M,A,AGC,JZR,corpora,corpora,0.0,1.0
M,A,AGC,JZR,corpora,corpora,0.0,1.0
M,A,AGC,JZR,sample,sample,0.0,1.0
M,A,AGC,JZR,corpora,corpora,0.0,1.0
M,A,AGC,JZR,corpora,corpora,0.0,1.0
M,A,AGC,JZR,corpora,corpora,0.0,1.0
M,A,AGC,JZR,corpora,corpora,0.0,1.0
M,A,AGC,JZR,sample,sample,0.0,1.0
M,A,AGC,JZR,corpora,corpora,0.0,1.0
M,A,AGC,JZR,sample,sample,0.0,1.0
M,A,AGC,JZR,corpora,corpora,0.0,1.0
M,A,AGC,JZR,target population,target population,0.0,1.0
M,A,AGC,JZR,corpus,corpus,0.0,1.0
M,A,AGC,JZR,corpora,corpora,0.0,1.0
M,A,AGC,JZR,population,population,0.0,1.0
M,A,AGC,JZR,corpora,corpora,0.0,1.0
M,A,AGC,JZR,corpus,corpus,0.0,1.0
M,A,AGC,JZR,corpora,corpora,0.0,1.0
M,A,AGC,JZR,population,population,0.0,1.0
M,A,AGC,JZR,corpus,corpus,0.0,1.0
M,A,AGC,JZR,target population,target population,0.0,1.0
M,A,AGC,JZR,corpus,corpus,0.0,1.0
M,A,AGC,JZR,target population,target population,0.0,1.0
M,A,AGC,JZR,corpus,corpus,0.0,1.0
M,A,AGC,JZR,sampling methods,sampling methods,0.0,1.0
M,A,AGC,JZR,sample,sample,0.0,1.0
M,A,AGC,JZR,corpus sample,corpus sample,0.0,1.0
M,A,AGC,JZR,corpus,corpus,0.0,1.0
M,A,AGC,JZR,corpus,corpus,0.0,1.0
M,A,AGC,JZR,target population,target population,0.0,1.0
M,A,AGC,JZR,corpus,corpus,0.0,1.0
M,A,AGC,JZR,target population,target population,0.0,1.0
M,A,AGC,JZR,representativeness,representativeness,0.0,1.0
M,A,AGC,JZR,method of sampling,method of sampling,0.0,1.0
M,A,AGC,JZR,sampling method,sampling method,0.0,1.0
M,A,AGC,JZR,corpus,corpus,0.0,1.0
M,A,AGC,JZR,corpus,corpus,0.0,1.0
M,A,AGC,JZR,corpora,corpora,0.0,1.0
M,A,AGC,JZR,corpus linguistics,corpus linguistics,0.0,1.0
M,A,AGC,JZR,corpus,corpus,0.0,1.0
M,A,AGC,JZR,population,population,0.0,1.0
M,A,AGC,JZR,corpus,corpus,0.0,1.0
M,A,AGC,JZR,sub-corpus,sub-corpus,0.0,1.0
M,A,AGC,JZR,sampling methodology,sampling method,0.25,0.75
M,A,AGC,JZR,variables,variables,0.0,1.0
M,A,AGC,JZR,corpus linguists,corpus linguists,0.0,1.0
M,A,AGC,JZR,corpus linguists,corpus linguists,0.0,1.0
M,A,AGC,JZR,corpus,corpus,0.0,1.0
M,A,AGC,JZR,dataset,datasets,0.125,0.875
M,A,AGC,JZR,corpus linguists,corpus linguists,0.0,1.0
M,A,AGC,JZR,corpus,corpus,0.0,1.0
M,A,AGC,JZR,subcorpus,subcorpus,0.0,1.0
M,A,AGC,JZR,corpora,corpora,0.0,1.0
M,A,AGC,JZR,corpus design,corpus design,0.0,1.0
M,A,AGC,JZR,corpora,corpora,0.0,1.0
M,A,AGC,JZR,corpora,corpora,0.0,1.0
M,A,AGC,JZR,corpus,corpus,0.0,1.0
M,A,AGC,JZR,corpus,corpus,0.0,1.0
M,A,AGC,JZR,corpus,corpus,0.0,1.0
M,A,AGC,JZR,population of interest,population of interest,0.0,1.0
M,A,AGC,JZR,corpus linguists,corpus linguists,0.0,1.0
M,A,AGC,JZR,corpus linguistics,corpus linguistics,0.0,1.0
M,A,AGC,JZR,corpora,corpora,0.0,1.0
M,A,AGC,JZR,corpora,corpora,0.0,1.0
M,A,AGC,JZR,corpus linguistics,corpus linguistics,0.0,1.0
M,A,AGC,JZR,sampling methodology,sampling method,0.25,0.75
M,A,AGC,JZR,corpora,corpora,0.0,1.0
M,A,AGC,JZR,corpora,corpora,0.0,1.0
M,A,AGC,JZR,sampling method,sampling method,0.0,1.0
M,A,AGC,JZR,stratified samples,stratified samples,0.0,1.0
M,A,AGC,JZR,convenience samples,convenience samples,0.0,1.0
M,A,AGC,JZR,corpus design,corpus design,0.0,1.0
M,A,AGC,JZR,representative samples,representative samples,0.0,1.0
M,A,AGC,JZR,corpora,corpora,0.0,1.0
M,A,AGC,JZR,corpora,corpora,0.0,1.0
M,A,AGC,JZR,corpora,corpora,0.0,1.0
M,A,AGC,JZR,corpora,corpora,0.0,1.0
M,A,AGC,JZR,sampling errors,sampling methods,0.25,0.75
M,A,AGC,JZR,corpora,corpora,0.0,1.0
M,A,AGC,JZR,sampling process,sampling procedures,0.211,0.789
M,A,AGC,JZR,sampling error,sampling method,0.267,0.733
M,A,AGC,JZR,sample,sample,0.0,1.0
M,A,AGC,JZR,large corpora,target corpora,0.143,0.857
M,A,AGC,JZR,smaller corpora,learner corpora,0.267,0.733
M,A,AGC,JZR,corpora,corpora,0.0,1.0
M,A,AGC,JZR,corpora,corpora,0.0,1.0
M,A,AGC,JZR,corpus,corpus,0.0,1.0
M,A,AGC,JZR,corpus linguistics,corpus linguistics,0.0,1.0
M,A,AGC,JZR,corpora,corpora,0.0,1.0
M,A,AGC,JZR,corpus linguistics,corpus linguistics,0.0,1.0
M,A,AGC,JZR,corpus linguistics,corpus linguistics,0.0,1.0
M,A,AGC,JZR,corpora,corpora,0.0,1.0
M,A,AGC,JZR,corpora,corpora,0.0,1.0
M,A,AGC,JZR,corpora,corpora,0.0,1.0
M,A,AGC,JZR,corpora,corpora,0.0,1.0
M,A,AGC,JZR,newly sampled corpora,sampled corpora,0.286,0.714
M,A,AGC,JZR,corpus,corpus,0.0,1.0
M,A,AGC,JZR,compiled corpora,sampled corpora,0.188,0.812
M,A,AGC,JZR,large corpora,target corpora,0.143,0.857
M,A,AGC,JZR,largest corpus,learner corpus,0.286,0.714
M,A,AGC,JZR,corpus linguistics,corpus linguistics,0.0,1.0
M,A,AGC,JZR,corpus linguistics,corpus linguistics,0.0,1.0
M,A,AGC,JZR,population(s),population,0.231,0.769
M,A,AGC,JZR,sampling method,sampling method,0.0,1.0
M,A,AGC,JZR,corpus,corpus,0.0,1.0
M,A,AGC,JZR,corpus,corpus,0.0,1.0
M,A,AGC,JZR,representativeness,representativeness,0.0,1.0
M,A,AGC,JZR,corpora,corpora,0.0,1.0
M,A,AGC,JZR,corpus,corpus,0.0,1.0
M,A,AGC,JZR,corpus,corpus,0.0,1.0
M,A,AGC,JZR,corpus,corpus,0.0,1.0
M,A,AGC,JZR,population,population,0.0,1.0
M,A,AGC,JZR,corpus,corpus,0.0,1.0
M,A,AGC,JZR,corpus,corpus,0.0,1.0
M,A,AGC,JZR,corpus,corpus,0.0,1.0
M,A,AGC,JZR,sampling,sampling,0.0,1.0
M,A,AGC,JZR,sample,sample,0.0,1.0
M,A,AGC,JZR,sample,sample,0.0,1.0
M,A,AGC,JZR,corpus,corpus,0.0,1.0
M,A,AGC,JZR,method of sampling,method of sampling,0.0,1.0
M,A,AGC,JZR,corpus linguistics,corpus linguistics,0.0,1.0
M,A,AGC,JZR,corpora,corpora,0.0,1.0
M,A,AGC,JZR,corpus design,corpus design,0.0,1.0
M,A,AGC,JZR,piloting procedures,sampling procedures,0.263,0.737
M,A,AGC,JZR,corpus linguistics,corpus linguistics,0.0,1.0
M,A,AGC,JZR,corpus design,corpus design,0.0,1.0
M,A,AGC,JZR,corpus types,corpus tokens,0.231,0.769
M,A,AGC,JZR,corpus design,corpus design,0.0,1.0
M,B,JNA,AGC,corpora,corpora,0.0,1.0
M,B,JNA,AGC,spoken corpora,spoken corpora,0.0,1.0
M,B,JNA,AGC,spoken corpora,spoken corpora,0.0,1.0
M,B,JNA,AGC,spoken corpus compilation,spoken corpus compilation,0.0,1.0
M,B,JNA,AGC,spoken data,spoken data,0.0,1.0
M,B,JNA,AGC,data collection,data collection,0.0,1.0
M,B,JNA,AGC,spoken corpus data,spoken corpus data,0.0,1.0
M,B,JNA,AGC,corpora,corpora,0.0,1.0
M,B,JNA,AGC,"multimodal corpora,",multimodal corpora,0.053,0.947
M,B,JNA,AGC,multilingual corpora,multilingual corpora,0.0,1.0
M,B,JNA,AGC,data authenticity,data authenticity,0.0,1.0
M,B,JNA,AGC,comparability,comparability,0.0,1.0
M,B,JNA,AGC,sub-sampling,sub-sampling,0.0,1.0
M,B,JNA,AGC,compilation,compilation,0.0,1.0
M,B,JNA,AGC,multimodal corpus,multimodal corpus,0.0,1.0
M,B,JNA,AGC,design,design,0.0,1.0
M,B,JNA,AGC,processing,processing,0.0,1.0
M,B,JNA,AGC,data,data,0.0,1.0
M,B,JNA,AGC,corpus compilation,corpus compilation,0.0,1.0
M,B,JNA,AGC,corpus design,corpus design,0.0,1.0
M,B,JNA,AGC,design,design,0.0,1.0
M,B,JNA,AGC,compilation,compilation,0.0,1.0
M,B,JNA,AGC,corpus,corpus,0.0,1.0
M,B,JNA,AGC,corpus,corpus,0.0,1.0
M,B,JNA,AGC,corpus compilation,corpus compilation,0.0,1.0
M,B,JNA,AGC,participant recruitment,participant recruitment,0.0,1.0
M,B,JNA,AGC,data collection,data collection,0.0,1.0
M,B,JNA,AGC,corpus design,corpus design,0.0,1.0
M,B,JNA,AGC,data collection,data collection,0.0,1.0
M,B,JNA,AGC,spoken corpus compilation,spoken corpus compilation,0.0,1.0
M,B,JNA,AGC,corpus compilers,corpus compilers,0.0,1.0
M,B,JNA,AGC,audio-recorded data,audio-recorded data,0.0,1.0
M,B,JNA,AGC,automatic speech recognition,automatic speech recognition,0.0,1.0
M,B,JNA,AGC,corpus,corpus,0.0,1.0
M,B,JNA,AGC,data,data,0.0,1.0
M,B,JNA,AGC,corpora,corpora,0.0,1.0
M,B,JNA,AGC,sampling methods,sampling methods,0.0,1.0
M,B,JNA,AGC,corpora,corpora,0.0,1.0
M,B,JNA,AGC,subcorpus,subcorpus,0.0,1.0
M,B,JNA,AGC,comparability,comparability,0.0,1.0
M,B,JNA,AGC,corpus researchers,corpus researchers,0.0,1.0
M,B,JNA,AGC,spoken corpus design,spoken corpus design,0.0,1.0
M,B,JNA,AGC,learner corpora,learner corpora,0.0,1.0
M,B,JNA,AGC,compilation,compilation,0.0,1.0
M,B,JNA,AGC,spoken learner corpora,spoken learner corpora,0.0,1.0
M,B,JNA,AGC,co-construction,construction,0.2,0.8
M,B,JNA,AGC,spoken learner data,spoken learner corpora,0.273,0.727
M,B,JNA,AGC,corpora,corpora,0.0,1.0
M,B,JNA,AGC,corpora,corpora,0.0,1.0
M,B,JNA,AGC,sample,sample,0.0,1.0
M,B,JNA,AGC,corpus design,corpus design,0.0,1.0
M,B,JNA,AGC,data,data,0.0,1.0
M,B,JNA,AGC,santa barbara corpus of spoken american english,representative corpus of spoken american english,0.292,0.708
M,B,JNA,AGC,data collection,data collection,0.0,1.0
M,B,JNA,AGC,corpus design,corpus design,0.0,1.0
M,B,JNA,AGC,corpora,corpora,0.0,1.0
M,B,JNA,AGC,corpus,corpus,0.0,1.0
M,B,JNA,AGC,tokens,tokens,0.0,1.0
M,B,JNA,AGC,transcribed speech,transcribed speech,0.0,1.0
M,B,JNA,AGC,data,data,0.0,1.0
M,B,JNA,AGC,spoken corpora,spoken corpora,0.0,1.0
M,B,JNA,AGC,spoken corpus linguistics,spoken corpus linguistics,0.0,1.0
M,B,JNA,JZR,corpora,corpora,0.0,1.0
M,B,JNA,JZR,spoken corpora,spoken corpora,0.0,1.0
M,B,JNA,JZR,spoken corpora,spoken corpora,0.0,1.0
M,B,JNA,JZR,spoken corpus compilation,spoken corpus compilation,0.0,1.0
M,B,JNA,JZR,spoken corpus data,spoken corpus,0.278,0.722
M,B,JNA,JZR,corpora,corpora,0.0,1.0
M,B,JNA,JZR,"multimodal corpora,",multimodal corpora,0.053,0.947
M,B,JNA,JZR,multilingual corpora,multilingual corpora,0.0,1.0
M,B,JNA,JZR,compilation,compilation,0.0,1.0
M,B,JNA,JZR,multimodal corpus,multimodal corpus,0.0,1.0
M,B,JNA,JZR,corpus compilation,corpus compilation,0.0,1.0
M,B,JNA,JZR,compilation,compilation,0.0,1.0
M,B,JNA,JZR,corpus compilation,corpus compilation,0.0,1.0
M,B,JNA,JZR,sampling frame,sampling frame,0.0,1.0
M,B,JNA,JZR,spoken corpus compilation,spoken corpus compilation,0.0,1.0
M,B,JNA,JZR,corpus compilers,corpus compilation,0.278,0.722
M,B,JNA,JZR,compiling,compiling,0.0,1.0
M,B,JNA,JZR,corpora,corpora,0.0,1.0
M,B,JNA,JZR,sampling methods,sampling methods,0.0,1.0
M,B,JNA,JZR,corpora,corpora,0.0,1.0
M,B,JNA,JZR,subcorpus,subcorpus,0.0,1.0
M,B,JNA,JZR,learner corpora,learner corpora,0.0,1.0
M,B,JNA,JZR,compilation,compilation,0.0,1.0
M,B,JNA,JZR,spoken learner corpora,spoken learner corpora,0.0,1.0
M,B,JNA,JZR,spoken learner data,spoken learner corpora,0.273,0.727
M,B,JNA,JZR,corpora,corpora,0.0,1.0
M,B,JNA,JZR,corpora,corpora,0.0,1.0
M,B,JNA,JZR,sample,sample,0.0,1.0
M,B,JNA,JZR,corpora,corpora,0.0,1.0
M,B,JNA,JZR,compiling,compiling,0.0,1.0
M,B,JNA,JZR,spoken corpora,spoken corpora,0.0,1.0
M,B,JNA,JZR,spoken corpus linguistics,spoken corpus linguistics,0.0,1.0
M,B,AGC,JZR,corpora,corpora,0.0,1.0
M,B,AGC,JZR,compilation,compilation,0.0,1.0
M,B,AGC,JZR,spoken corpora,spoken corpora,0.0,1.0
M,B,AGC,JZR,spoken corpora,spoken corpora,0.0,1.0
M,B,AGC,JZR,spoken corpus compilation,spoken corpus compilation,0.0,1.0
M,B,AGC,JZR,crowdsourcing techniques,crowdsourcing techniques,0.0,1.0
M,B,AGC,JZR,spoken corpus data,spoken corpus,0.278,0.722
M,B,AGC,JZR,spoken corpora,spoken corpora,0.0,1.0
M,B,AGC,JZR,corpus linguistics,corpus linguistics,0.0,1.0
M,B,AGC,JZR,multimodal corpora,multimodal corpora,0.0,1.0
M,B,AGC,JZR,multilingual corpora,multilingual corpora,0.0,1.0
M,B,AGC,JZR,compilation,compilation,0.0,1.0
M,B,AGC,JZR,multimodal corpus,multimodal corpus,0.0,1.0
M,B,AGC,JZR,multimodal corpus,multimodal corpus,0.0,1.0
M,B,AGC,JZR,corpus compilation,corpus compilation,0.0,1.0
M,B,AGC,JZR,compilation,compilation,0.0,1.0
M,B,AGC,JZR,new spoken corpus,spoken corpus,0.235,0.765
M,B,AGC,JZR,corpus compilation,corpus compilation,0.0,1.0
M,B,AGC,JZR,operational domain,operational domain,0.0,1.0
M,B,AGC,JZR,vocal samples,vocal samples,0.0,1.0
M,B,AGC,JZR,spoken corpus compilation,spoken corpus compilation,0.0,1.0
M,B,AGC,JZR,corpus compilers,corpus compilation,0.278,0.722
M,B,AGC,JZR,spoken corpus,spoken corpus,0.0,1.0
M,B,AGC,JZR,corpora,corpora,0.0,1.0
M,B,AGC,JZR,sampling methods,sampling methods,0.0,1.0
M,B,AGC,JZR,corpora,corpora,0.0,1.0
M,B,AGC,JZR,subcorpus,subcorpus,0.0,1.0
M,B,AGC,JZR,demographic variables,demographic variables,0.0,1.0
M,B,AGC,JZR,patterns of variation,patterns of variation,0.0,1.0
M,B,AGC,JZR,learner corpora,learner corpora,0.0,1.0
M,B,AGC,JZR,spoken learner corpora,spoken learner corpora,0.0,1.0
M,B,AGC,JZR,representativeness,representativeness,0.0,1.0
M,B,AGC,JZR,learner corpora,learner corpora,0.0,1.0
M,B,AGC,JZR,spoken learner corpora,spoken learner corpora,0.0,1.0
M,B,AGC,JZR,sample,sample,0.0,1.0
M,B,AGC,JZR,multilingual corpus,multilingual corpus,0.0,1.0
M,B,AGC,JZR,(spoken) corpus linguistics,spoken corpus linguistics,0.074,0.926
M,B,AGC,JZR,spoken corpora,spoken corpora,0.0,1.0
M,B,AGC,JZR,spoken corpus linguistics,spoken corpus linguistics,0.0,1.0
M,C,JNA,AGC,parallel corpora,parallel corpora,0.0,1.0
M,C,JNA,AGC,corpora,corpora,0.0,1.0
M,C,JNA,AGC,comparable and parallel,comparable parallel,0.174,0.826
M,C,JNA,AGC,corpora,corpora,0.0,1.0
M,C,JNA,AGC,corpora,corpora,0.0,1.0
M,C,JNA,AGC,multilingual corpora,multilingual corpora,0.0,1.0
M,C,JNA,AGC,corpora,corpora,0.0,1.0
M,C,JNA,AGC,parallel and comparable corpora,parallel and comparable corpora,0.0,1.0
M,C,JNA,AGC,corpora,corpora,0.0,1.0
M,C,JNA,AGC,corpus-based research agenda,corpus-based research,0.25,0.75
M,C,JNA,AGC,corpora,corpora,0.0,1.0
M,C,JNA,AGC,corpora,corpora,0.0,1.0
M,C,JNA,AGC,corpora,corpora,0.0,1.0
M,C,JNA,AGC,corpora,corpora,0.0,1.0
M,C,JNA,AGC,parallel corpora,parallel corpora,0.0,1.0
M,C,JNA,AGC,parallel/translation-corpora,parallel/translation-corpora,0.0,1.0
M,C,JNA,AGC,sampling,sampling,0.0,1.0
M,C,JNA,AGC,corpora,corpora,0.0,1.0
M,C,JNA,AGC,corpora,corpora,0.0,1.0
M,C,JNA,AGC,parallel corpora,parallel corpora,0.0,1.0
M,C,JNA,AGC,parallel corpora,parallel corpora,0.0,1.0
M,C,JNA,AGC,comparable corpus,comparable corpus,0.0,1.0
M,C,JNA,AGC,comparable,comparable,0.0,1.0
M,C,JNA,AGC,parallel,parallel,0.0,1.0
M,C,JNA,AGC,parallel,parallel,0.0,1.0
M,C,JNA,AGC,corpora,corpora,0.0,1.0
M,C,JNA,AGC,comparable corpora,comparable corpora,0.0,1.0
M,C,JNA,AGC,parallel corpora,parallel corpora,0.0,1.0
M,C,JNA,AGC,comparable and monolingual corpora,comparable and monolingual corpora,0.0,1.0
M,C,JNA,AGC,parallel corpora,parallel corpora,0.0,1.0
M,C,JNA,AGC,corpora,corpora,0.0,1.0
M,C,JNA,AGC,comparable and monolingual corpora,comparable and monolingual corpora,0.0,1.0
M,C,JNA,AGC,databases,databases,0.0,1.0
M,C,JNA,AGC,parallel corpora,parallel corpora,0.0,1.0
M,C,JNA,AGC,annotation,annotation,0.0,1.0
M,C,JNA,AGC,annotations,annotations,0.0,1.0
M,C,JNA,AGC,word alignment,word alignment,0.0,1.0
M,C,JNA,AGC,annotation,annotation,0.0,1.0
M,C,JNA,AGC,corpora creation,corpora creation,0.0,1.0
M,C,JNA,AGC,annotation,annotation,0.0,1.0
M,C,JNA,AGC,corpora,corpora,0.0,1.0
M,C,JNA,AGC,annotating,annotations,0.182,0.818
M,C,JNA,AGC,corpora,corpora,0.0,1.0
M,C,JNA,AGC,databases,databases,0.0,1.0
M,C,JNA,AGC,corpora,corpora,0.0,1.0
M,C,JNA,AGC,subcorpora,subcorpora,0.0,1.0
M,C,JNA,AGC,corpora,corpora,0.0,1.0
M,C,JNA,AGC,subcorpora,subcorpora,0.0,1.0
M,C,JNA,AGC,database,database,0.0,1.0
M,C,JNA,AGC,multimodal texts,multimodal texts,0.0,1.0
M,C,JNA,AGC,intermodal corpus,intermodal corpus,0.0,1.0
M,C,JNA,AGC,corpora,corpora,0.0,1.0
M,C,JNA,AGC,dialectal variation,dialectal variation,0.0,1.0
M,C,JNA,AGC,corpora,corpora,0.0,1.0
M,C,JNA,AGC,corpora,corpora,0.0,1.0
M,C,JNA,AGC,parallel corpora,parallel corpora,0.0,1.0
M,C,JNA,AGC,comparable corpora,comparable corpora,0.0,1.0
M,C,JNA,AGC,parallel corpora,parallel corpora,0.0,1.0
M,C,JNA,AGC,parallel corpora,parallel corpora,0.0,1.0
M,C,JNA,AGC,parallel corpora,parallel corpora,0.0,1.0
M,C,JNA,AGC,multilingual,multilingual,0.0,1.0
M,C,JNA,AGC,intermodal quasi-parallel,intermodal quasi-parallel,0.0,1.0
M,C,JNA,AGC,corpora,corpora,0.0,1.0
M,C,JNA,JZR,parallel corpora,parallel corpora,0.0,1.0
M,C,JNA,JZR,corpora,corpora,0.0,1.0
M,C,JNA,JZR,comparable and parallel,comparable and parallel corpora,0.258,0.742
M,C,JNA,JZR,corpora,corpora,0.0,1.0
M,C,JNA,JZR,corpora,corpora,0.0,1.0
M,C,JNA,JZR,multilingual corpora,multilingual corpora,0.0,1.0
M,C,JNA,JZR,corpora,corpora,0.0,1.0
M,C,JNA,JZR,parallel and comparable corpora,parallel and comparable corpora,0.0,1.0
M,C,JNA,JZR,corpora,corpora,0.0,1.0
M,C,JNA,JZR,linguistic features,linguistic features,0.0,1.0
M,C,JNA,JZR,corpora,corpora,0.0,1.0
M,C,JNA,JZR,corpora,corpora,0.0,1.0
M,C,JNA,JZR,corpora,corpora,0.0,1.0
M,C,JNA,JZR,corpora,corpora,0.0,1.0
M,C,JNA,JZR,parallel corpora,parallel corpora,0.0,1.0
M,C,JNA,JZR,sampling,sampling,0.0,1.0
M,C,JNA,JZR,corpora,corpora,0.0,1.0
M,C,JNA,JZR,corpora,corpora,0.0,1.0
M,C,JNA,JZR,parallel corpora,parallel corpora,0.0,1.0
M,C,JNA,JZR,parallel corpora,parallel corpora,0.0,1.0
M,C,JNA,JZR,comparable corpus,comparable corpus,0.0,1.0
M,C,JNA,JZR,comparable,comparable,0.0,1.0
M,C,JNA,JZR,parallel,"parallel,",0.111,0.889
M,C,JNA,JZR,parallel,"parallel,",0.111,0.889
M,C,JNA,JZR,corpora,corpora,0.0,1.0
M,C,JNA,JZR,source and target texts,source and target texts,0.0,1.0
M,C,JNA,JZR,comparable corpora,comparable corpora,0.0,1.0
M,C,JNA,JZR,parallel corpora,parallel corpora,0.0,1.0
M,C,JNA,JZR,comparable and monolingual corpora,comparable and monolingual corpora,0.0,1.0
M,C,JNA,JZR,parallel corpora,parallel corpora,0.0,1.0
M,C,JNA,JZR,corpora,corpora,0.0,1.0
M,C,JNA,JZR,comparable and monolingual corpora,comparable and monolingual corpora,0.0,1.0
M,C,JNA,JZR,parallel corpora,parallel corpora,0.0,1.0
M,C,JNA,JZR,annotation,annotation,0.0,1.0
M,C,JNA,JZR,annotations,annotations,0.0,1.0
M,C,JNA,JZR,word alignment,word alignment,0.0,1.0
M,C,JNA,JZR,annotation,annotation,0.0,1.0
M,C,JNA,JZR,annotation,annotation,0.0,1.0
M,C,JNA,JZR,corpora,corpora,0.0,1.0
M,C,JNA,JZR,annotating,annotations,0.182,0.818
M,C,JNA,JZR,corpora,corpora,0.0,1.0
M,C,JNA,JZR,corpora,corpora,0.0,1.0
M,C,JNA,JZR,subcorpora,subcorpora,0.0,1.0
M,C,JNA,JZR,corpora,corpora,0.0,1.0
M,C,JNA,JZR,subcorpora,subcorpora,0.0,1.0
M,C,JNA,JZR,multimodal texts,multimodal texts,0.0,1.0
M,C,JNA,JZR,intermodal corpus,intermodal corpus,0.0,1.0
M,C,JNA,JZR,corpora,corpora,0.0,1.0
M,C,JNA,JZR,corpora,corpora,0.0,1.0
M,C,JNA,JZR,corpora,corpora,0.0,1.0
M,C,JNA,JZR,parallel corpora,parallel corpora,0.0,1.0
M,C,JNA,JZR,comparable corpora,comparable corpora,0.0,1.0
M,C,JNA,JZR,parallel corpora,parallel corpora,0.0,1.0
M,C,JNA,JZR,parallel corpora,parallel corpora,0.0,1.0
M,C,JNA,JZR,parallel corpora,parallel corpora,0.0,1.0
M,C,JNA,JZR,multilingual,multilingual,0.0,1.0
M,C,JNA,JZR,intermodal quasi-parallel,intermodal quasi-parallel,0.0,1.0
M,C,JNA,JZR,corpora,corpora,0.0,1.0
M,C,AGC,JZR,parallel corpora,parallel corpora,0.0,1.0
M,C,AGC,JZR,corpora,corpora,0.0,1.0
M,C,AGC,JZR,corpora,corpora,0.0,1.0
M,C,AGC,JZR,multilingual corpora,multilingual corpora,0.0,1.0
M,C,AGC,JZR,corpora,corpora,0.0,1.0
M,C,AGC,JZR,parallel and comparable corpora,parallel and comparable corpora,0.0,1.0
M,C,AGC,JZR,corpora,corpora,0.0,1.0
M,C,AGC,JZR,corpora,corpora,0.0,1.0
M,C,AGC,JZR,parallel corpora,parallel corpora,0.0,1.0
M,C,AGC,JZR,corpora,corpora,0.0,1.0
M,C,AGC,JZR,corpora,corpora,0.0,1.0
M,C,AGC,JZR,comparable parallel corpora,comparable and parallel corpora,0.129,0.871
M,C,AGC,JZR,sampling,sampling,0.0,1.0
M,C,AGC,JZR,corpora,corpora,0.0,1.0
M,C,AGC,JZR,parallel corpora,parallel corpora,0.0,1.0
M,C,AGC,JZR,parallel corpora,parallel corpora,0.0,1.0
M,C,AGC,JZR,comparable corpus,comparable corpus,0.0,1.0
M,C,AGC,JZR,parallel,"parallel,",0.111,0.889
M,C,AGC,JZR,corpora,corpora,0.0,1.0
M,C,AGC,JZR,parallel corpora,parallel corpora,0.0,1.0
M,C,AGC,JZR,parallel corpora,parallel corpora,0.0,1.0
M,C,AGC,JZR,comparable,comparable,0.0,1.0
M,C,AGC,JZR,monolingual corpora,multilingual corpora,0.2,0.8
M,C,AGC,JZR,parallel corpora,parallel corpora,0.0,1.0
M,C,AGC,JZR,comparable and monolingual corpora,comparable and monolingual corpora,0.0,1.0
M,C,AGC,JZR,annotations,annotations,0.0,1.0
M,C,AGC,JZR,word alignment,word alignment,0.0,1.0
M,C,AGC,JZR,parallel corpora,parallel corpora,0.0,1.0
M,C,AGC,JZR,word alignment,word alignment,0.0,1.0
M,C,AGC,JZR,annotation,annotation,0.0,1.0
M,C,AGC,JZR,annotation,annotation,0.0,1.0
M,C,AGC,JZR,corpora,corpora,0.0,1.0
M,C,AGC,JZR,intermodal corpus,intermodal corpus,0.0,1.0
M,C,AGC,JZR,corpora,corpora,0.0,1.0
M,C,AGC,JZR,corpora,corpora,0.0,1.0
M,C,AGC,JZR,corpora,corpora,0.0,1.0
M,C,AGC,JZR,subcorpora,subcorpora,0.0,1.0
M,C,AGC,JZR,smaller corpora,parallel corpora,0.25,0.75
M,C,AGC,JZR,subcorpora,subcorpora,0.0,1.0
M,C,AGC,JZR,multimodal texts,multimodal texts,0.0,1.0
M,C,AGC,JZR,intermodal corpus,intermodal corpus,0.0,1.0
M,C,AGC,JZR,corpora,corpora,0.0,1.0
M,C,AGC,JZR,comparable and parallel corpora,comparable and parallel corpora,0.0,1.0
M,C,AGC,JZR,comparable corpora,comparable corpora,0.0,1.0
M,C,AGC,JZR,parallel corpora,parallel corpora,0.0,1.0
M,C,AGC,JZR,parallel corpora,parallel corpora,0.0,1.0
M,C,AGC,JZR,parallel corpora,parallel corpora,0.0,1.0
M,C,AGC,JZR,parallel,"parallel,",0.111,0.889
M,C,AGC,JZR,comparable,comparable,0.0,1.0
M,C,AGC,JZR,bidirectional,bidirectional,0.0,1.0
M,C,AGC,JZR,multilingual,multilingual,0.0,1.0
M,C,AGC,JZR,intermodal quasi-parallel,intermodal quasi-parallel,0.0,1.0
M,C,AGC,JZR,comparable parallel,and comparable parallel,0.174,0.826
M,C,AGC,JZR,corpora,corpora,0.0,1.0
M,C,AGC,JZR,corpora,corpora,0.0,1.0
